smiles,PActivity
CCCCCCC(c1cc(O)c2c(c1)OC([C@H]1[C@H]2CC(=CC1)OO)(C)C)(C)C,10.49485002
CCCCCCC(c1cc(O)c2c(c1)OC(C1[C@@H]2CC(=CC1)CO)(C)C)(C)C,9.657577319
CCCCCn1c(=O)c(cc2c1ccc(c2)C(C)C)C(=O)NC12CC3CC(C2)CC(C1)C3,9.585026652
Cc1ccc(cc1)Cn1nc(cc1c1ccc(c(c1)C)Cl)C(=O)NC1[C@@]2(C)CCC(C1(C)C)C2,9.494850022
CCCCCn1cc2c(=O)n(nc2c2c1cccc2)CC12CC3CC(C2)CC(C1)C3,9.408935393
CCCCCn1c2CCCCc2c(c(c1=O)C(=O)NC12CC3CC(C2)CC(C1)C3)O,9.431798276
CCCCCn1c(C)c(c2c1cccc2)C(=O)c1ccc(c2c1cccc2)CC,9.37675071
CCCCCn1c(C)c(c2c1cccc2)C(=O)c1cccc2c1cc(C)cc2,9.30980392
CCCCCOc1c(OC)ccc2c1[nH]c(=O)c(c2)C(=O)NCCc1ccc(cc1)O,9.319000406
CCCCCCC(c1ccc(c(c1)O)[C@H]1C[C@@H](O)CC[C@@H]1CCCO)(C)C,9.283996656
BrCCCCCOC(=O)C(c1cc(O)c2c(c1)OC([C@@H]1[C@H]2CC(=CC1)C)(C)C)(C)C,9.22184875
COCCn1c(=NC(=O)C2C(C2(C)C)(C)C)sc(c1C)C,9.193820026
CCCCCn1c2ccccc2c(c1C)C(=O)c1ccc(c2c1cccc2)CCC,9.22184875
CCCCCn1cc(c2c1cccc2)C(=O)c1ccc(c2c1cccc2)CC,9.161150909
CCCCOC(=O)C(c1cc(O)c2c(c1)OC([C@@H]1[C@H]2CC(=CC1)C)(C)C)(C)C,9.15490196
CCCCCn1c(C)c(c2c1cccc2)C(=O)c1ccc(c2c1cccc2)C,9.137272472
FC(c1nc(N2CCC3(C2)N=N3)c2c(n1)n(nn2)Cc1ccccc1C(F)(F)F)(c1ccccc1)F,9.096910013
BrCCCCC(=O)C(c1cc(O)c2c(c1)OC([C@H]1[C@H]2CC(=CC1)C)(C)C)(C)C,9.096910013
[N-]=[N+]=NCCCOC(=O)C(c1cc(O)c2c(c1)OC([C@H]1[C@H]2CC(=CC1)C)(C)C)(C)C,9.096910013
N#CCCCCOC(=O)C(c1cc(O)c2c(c1)OC([C@@H]1[C@H]2CC(=CC1)C)(C)C)(C)C,9.096910013
C#Cc1cccc(c1Cn1nnc2c1nc(nc2N1CCC(C1)(F)F)C(C)(C)C)S(=O)(=O)F,9
BrCCCOC(=O)C(c1cc(O)c2c(c1)OC([C@H]1[C@H]2CC(=CC1)CO)(C)C)(C)C,9
CCCCOC(=O)C(c1cc(O)c2c(c1)OC([C@H]1[C@H]2CC(=CC1)C)(C)C)C,9
N#CCCCOC(=O)C(c1cc(O)c2c(c1)OC([C@H]1[C@H]2CC(=CC1)CO)(C)C)(C)C,9
OCC1=CC[C@@H]2[C@@H](C1)c1c(O)cc(cc1OC2(C)C)C(C(=O)OCCCN1CCOCC1)(C)C,9
OCC1=CC[C@@H]2[C@@H](C1)c1c(O)cc(cc1OC2(C)C)C(C(=O)OCCCn1ccnc1)(C)C,9
CCCCCn1cc(c2c1cccc2)C(=O)c1ccc(c2c1cccc2)CCC,8.958607315
CCCCCn1cc(c2c1cccc2)C(=O)c1ccc(c2c1cccc2)C,8.920818754
CCCCCn1cc(c2nnn(c2)C23CC4CC(C3)CC(C2)C4)c(=O)c2c1ccc(c2)c1ccco1,8.920818754
Fc1ccc(cc1)Cn1cc(c2c1cccc2)C=C1N2CCC(C1=O)CC2,8.886056648
CCCCn1c(=NC(=O)c2cc(ccc2OC[C@@H](O)C)C(F)(F)F)sc2c1cccn2,8.853871964
CNC(=O)[C@H](C(C)(C)C)NC(=O)c1nn(c2c1C[C@H]1[C@@H]2C1)c1ncc[n+](c1)[O-],8.838631998
CCCCn1nc(s/c/1=N\C(=O)c1cc(ccc1ON=C1CCCCCN1)C(F)(F)F)C(C)(C)C,8.795880017
ON=C(COc1ccc(cc1C(=O)/N=c/1\sc(cn1C[C@H]1CCCO1)C(C)(C)C)C(F)(F)F)C,8.744727495
CCCCCn1cc(c2c1cccc2)C(=O)c1cccc2c1ccc(c2)OC,8.721246399
CCCCCn1c(C)c(c2c1cccc2)C(=O)c1ccc(c2c1cccc2)OC,8.721246399
COc1cccc2c1n(CCN1CCOCC1)nc2C(=O)N[C@H]1[C@@]2(C)CC[C@@H](C1(C)C)C2,8.698970004
CCCCCC(C(c1cc(O)c2c(c1)OC(C1=C2CN(C#C)CC1)(C)C)C)C,8.638272164
COC(=O)c1ccc2c(c1)n(Cc1ccccc1)cc2C=C1N2CCC(C1=O)CC2,8.602059991
CC1=C(C2C3N1[C@@H](COC3=CC=C2)CN1CCOCC1)C(=O)c1cccc2c1cccc2,8.602059991
CCCCn1nc(s/c/1=N\C(=O)c1cc(ccc1ON=C(C1CC1)N)C(F)(F)F)C(C)(C)C,8.602059991
O=C(C1CC21CCCCC2)c1cn(c2c1cccc2)CC1CCOCC1,8.585026652
OC[C@H](NC(=O)CCC/C=C\C/C=C\CCOc1cccc(c1)C(CCCCN=[N+]=[N-])(C)C)C,8.598599459
[N-]=[N+]=NCCCCOC(=O)C1(CCC1)c1cc(O)c2c(c1)OC([C@H]1[C@H]2CC(=CC1)C)(C)C,8.568636236
CCCCCn1c(C)c(c2c1cccc2)C(=O)c1cccc2c1cccc2,8.537602002
Fc1ccc(cc1)C1(Oc2c(O1)cc(c(c2)C(=O)N1CCOCC1)F)c1ccc(cc1Cl)Cl,8.522878745
CCCCCc1cc(O)c2c(c1)OC([C@H]1C2C=C(C)CC1)(C)C,8.504455662
OC[C@H](NC(=O)CCC/C=C\C/C=C\CCOc1cccc(c1)C(CCCC#N)(C)C)C,8.504455662
Clc1ccccc1Cn1nnc2c1nc(nc2N1CCC2(C1)N=N2)C(C)(C)C,8.48148606
CC(=O)C(=NOc1ccc(cc1C(=O)/N=c/1\sc(cn1C[C@H]1CCCO1)C(C)(C)C)C(F)(F)F)C,8.48148606
CCCCCn1cc(C(=O)NC23CC4CC(C3)CC(C2)C4)c(=O)c2c1cc(cc2)S(=O)c1ccccc1,8.455931956
CCCCCn1cc(c2c1cccc2)C(=O)c1cccc2c1cc(CC)cc2,8.420216403
CONC(=O)[C@H](C(C)(C)C)NC(=O)c1nn(c2c1C[C@@H]1[C@H]2C1)c1ncc[n+](c1)[O-],8.420216403
NC(=O)C(C(C)(C)C)NC(=O)n1c(=O)n(c2c1cccc2)CCC1CCOCC1,8.397940009
FC1(F)CCN(C1)c1nc(nc2c1nnn2Cc1ccccc1C1(N=N1)C(F)(F)F)C(C)(C)C,8.37675071
CC(=NOc1ccc(cc1C(=O)/N=c/1\sc(cn1C[C@H]1CCCO1)C(C)(C)C)C(F)(F)F)C(F)(F)F,8.356547324
CS(=O)(=O)O.O=C(c1c(C)n2c3c1cccc3OC[C@H]2CN1CCOCC1)c1ccc2c(c1)cccc2,8.337242168
OCC(CSSCCc1ccccc1Cn1nnc2c1nc(nc2N1CCC(C1)(F)F)C(C)(C)C)O,8.301029996
CCCCCCC1(CCC1)c1cc(O)c2c(c1)OC([C@H]1[C@H]2C[C@H](O)CC1)(C)C,8.289882635
CCCCn1nc(s/c/1=N\C(=O)c1cc(ccc1ON=C(CC)N)C(F)(F)F)C(C)(C)C,8.292429824
CCCCn1nc(s/c/1=N\C(=O)c1cc(ccc1ON=C(C(C)C)N)C(F)(F)F)C(C)(C)C,8.27572413
CCCCCCC1CCCc2c1cc1OC(C)(C)[C@H]3[C@H](c1c2O)CC(=CC3)C,8.26760624
C#Cc1ccccc1Cn1nnc2c1nc(nc2N1CCC2(C1)N=N2)C(C)(C)C,8.251811973
CCCCCn1c(C)c(c2c1cccc2)C(=O)c1cccc2c1cc(CC)cc2,8.251811973
OCC1=Cc2c(C1)c(ccc2O)Oc1cccc(c1)OS(=O)(=O)CCCC(F)(F)F,8.22475374
FC1(F)CCN(C1)c1nc(nc2c1nnn2Cc1ccccc1S(=O)(=O)F)C(C)(C)C,8.22184875
OCCSSCCc1ccccc1Cn1nnc2c1nc(nc2N1CCC(C1)(F)F)C(C)(C)C,8.22184875
CCCCn1nc(s/c/1=N/C(=O)c1cc(ccc1ON=C(C(=O)ON)CC)C(F)(F)F)C(C)(C)C,8.214670165
CCCCOC(=O)C(c1cc(O)c2c(c1)OC([C@H]1[C@H]2CC(=O)CC1)(C)C)(C)C,8.207608311
O=C(C(C(F)(F)F)(C(F)(F)F)C)Nc1ccc2c(c1)C(CCC2)N1CCOCC1,8.22184875
CCCCCn1c(C)c(c2c1cccc2)C(=O)c1ccc(c2c1cccc2)CCCC,8.187086643
CCCCOC(=O)C(c1cc(O)c2c(c1)OC([C@H]1[C@@H]2C[C@H](CO)CC1)(C)C)(C)C,8.187086643
O=C(C(C)(C)C)Oc1cc(OC(=O)C(C)(C)C)cc2c1c(C)c1CCCCn1c2=O,8.167491087
CCCCCn1cc(c2c1cccc2)C(=O)c1cccc2c1cc(OC)cc2,8.161150909
CCCCCn1cc(c2c1cccc2)C(=O)c1c(OC)ccc2c1cccc2,8.14327111
CCCCCn1cc(c2c1cccc2)C(=O)c1cc2ccccc2cc1OC,8.142667504
Cc1ccc(cc1)Cn1nc(cc1c1ccc(c(c1)C)Cl)C(=O)N[C@@H]1CC2C([C@]1(C)CC2)(C)C,8.142667504
CCCCCn1cc(c2c1cccc2)C(=O)c1ccc(c2c1cccc2)CCCC,8.14327111
CCCCCn1cc(C(=O)NC23CC4CC(C3)CC(C2)C4)c(=O)c2c1cc(F)c(c2)C(C)C,8.124938737
BrCCCCC(c1cccc(c1)OCC/C=C\C/C=C\CCCC(=O)N[C@@H](CO)C)(C)C,8.127261173
N#CCCCCC(c1cc(OC(=O)CCCN2CCOCC2)c2c(c1)OC([C@H]1[C@H]2CC(=CC1)C)(C)C)(C)C,8.096910013
CC1=CC[C@@H]2[C@@H](C1)c1ccc(cc1OC2(C)C)C(C(=O)OCCCN1CCOCC1)(C)C,8.060480747
CC1=CC[C@@H]2[C@@H](C1)c1c(O)cc(cc1OC2(C)C)/C=C/1\C2CC3CC1CC(C2)C3,8.050609993
OCC1=CC[C@@H]2[C@@H](C1)c1c(O)cc(cc1OC2(C)C)C(C(=O)OCCCCn1ccnc1)(C)C,8.060480747
FCCCCCc1cc(O)c2c(c1)OC(C1C2CC(=CC1)C)(C)C,8.060480747
CCCCCCC(c1cc(OC(=O)/C=C/C(=O)O)c(c(c1)O)[C@H]1CC(=O)[C@H]2C[C@@H]1C2(C)C)(C)C,8.045757491
C#Cc1cccc(c1Cn1nnc2c1nc(nc2N1CCC(C1)(F)F)C(C)(C)C)C1(N=N1)C(F)(F)F,8.045757491
OCCSSCc1ccccc1Cn1nnc2c1nc(nc2N1CCC(C1)(F)F)C(C)(C)C,8.045757491
CCCc1ccc(c2c1cccc2)C(=O)c1cn(c2c1cccc2)CCC,8.018181393
Clc1ccccc1Cn1nnc2c1nc(nc2N1CCC2(C1)N=N2)C(c1ccccc1)(F)F,8.004364805
CCCn1cc(c2c1cccc2)C(=O)c1ccc(c2c1cccc2)CC,8
CCCCCn1c(C)c(c2c1cccc2)C(=O)c1cccc2c1cc(OC)cc2,7.982966661
CCCCCn1cc(c2c1cccc2)C(=O)c1ccc(c2c1cccc2)OCC,7.978810701
CN(CCn1cc(C(=O)NC23CC4CC(C3)CC(C2)C4)c(=O)c2c1cc(F)c(c2)C(C)C)C,7.958607315
OCCCCC(c1cccc(c1)OCC/C=C\C/C=C\CCCC(=O)N[C@@H](CO)C)(C)C,7.962573502
CCCCCn1c(C)c(c2c1cccc2)C(=O)c1cccc2c1ccc(c2)OC,7.959002308
FC1(F)CCN(C1)c1nc(nc2c1nnn2Cc1ccccc1CS(=O)(=O)F)C(C)(C)C,7.958607315
OC[C@@H]1CC[C@@H]2[C@@H](C1)c1c(O)cc(cc1OC2(C)C)C12CC3CC(C2)CC(C1)C3,7.958607315
CCCc1ccc(c2c1cccc2)C(=O)c1c(C)n(c2c1cccc2)CCC,7.921180817
C#Cc1cccc(c1Cn1nnc2c1nc(nc2N1CC[C@@H](C1)O)C(C)(C)C)C1(N=N1)C(F)(F)F,7.920818754
CCCn1c(C)c(c2c1cccc2)C(=O)c1ccc(c2c1cccc2)CC,7.921180817
O=C1C2CCN(C1=Cc1cn(c3c1cccc3)Cc1ccccc1)CC2,7.920818754
CCCCCn1cc(c2c1cccc2)C(=O)c1ccc(c2c1cccc2)OC,7.906928694
CC1=CC[C@@H]2[C@@H](C1)c1c(O)cc(cc1OC2(C)C)C(c1cccc(c1)NC(=O)C)(C)C,7.866461092
CCCCCCN1C(=O)C(=NNC(=O)OC(C)(C)C)c2c1cccc2,7.8569852
CC1=CC[C@@H]2[C@@H](C1)c1c(O)cc(cc1OC2(C)C)C1C2CC3CC1CC(C2)C3,7.853871964
CCCn1c(C)c(c2c1cccc2)C(=O)c1ccc(c2c1cccc2)C,7.853871964
CCCCn1c(=NC(=O)c2cc(ccc2OCC(O)(C)C)C(F)(F)F)sc2c1cccn2,7.823908741
O[C@H]1CCN(C1)c1nc(nc2c1nnn2Cc1ccccc1S(=O)(=O)F)C(C)(C)C,7.795880017
CCCCn1nc(s/c/1=N\C(=O)c1cc(ccc1ON=C(N)C)C(F)(F)F)C(C)(C)C,7.795880017
CCCn1c(C)c(c2c1cccc2)C(=O)c1cccc2c1cc(C)cc2,7.795880017
Cc1nonc1Cn1nnc2c1nc(nc2N1CCC2(C1)N=N2)C(C)(C)C,7.793174124
CCCCn1nc(s/c/1=N\C(=O)c1cc(ccc1ON=C(c1ccccn1)N)C(F)(F)F)C(C)(C)C,7.744727495
O=C(c1ccccc1)NN=C1C(=O)N(c2c1cccc2)Cc1ccccc1,7.732828272
C#Cc1ccccc1Cn1nnc2c1nc(nc2N1CCC2(C1)N=N2)C(c1ccccc1)(F)F,7.721246399
CCCCN1C(=O)C(=NNC(=O)c2ccccc2)c2c1cccc2,7.714442691
CCCCCn1c(=O)c(C(=O)NCc2ccc(cc2)OC)c(c2c1ccc(c2)c1cccs1)O,7.698970004
Clc1ccc(cc1)Cn1cc(c2c1cccc2)C=C1N2CCC(C1=O)CC2,7.698970004
CCCC(c1ccc2c(c1)OC([C@H]1[C@H]2CC(=O)CC1)(C)C)(C)C,7.692503962
CCOC(=O)C(c1cc(O)c(c(c1)OC)c1cc(Cl)cc(c1)Cl)(C)C,7.679853714
CCCCn1nc(s/c/1=N\C(=O)c1cc(ccc1ON=C(c1ccc(cc1)F)N)C(F)(F)F)C(C)(C)C,7.677780705
CCCCCCC(c1cccc(c1)OCC/C=C\C/C=C\CCCC(=O)N[C@@H](CO)C)(C)C,7.667965723
CCCCCCC(c1cc(OC)c(c(c1)OC)[C@]1(O)CCC[C@H](C1)C)(C)C,7.638272164
CCCCCc1cc(O)c2c(c1)OC(C1C2C=C(C)CC1)(C)C,7.640164518
CCCCCn1c(C)c(c2c1cccc2)C(=O)c1ccc(c2c1cccc2)OCC,7.602059991
O=C(c1cnc2c(c1O)ccc(c2C)Cl)NC12CC3CC(C2)CC(C1)C3,7.59345982
FC1(F)CCN(C1)c1nc(nc2c1nnn2Cc1ccccc1CCS(=O)(=O)F)C(C)(C)C,7.568636236
CC1=CC[C@@H]2[C@@H](C1)c1c(O)cc(cc1OC2(C)C)CC12CC3CC(C2)CC(C1)C3,7.57024772
Cc1ccc(cc1S(=O)(=O)N1CCOCC1)c1nnc([nH]1)CC1CCCCC1,7.568636236
CCCCCC(c1cc(Br)c2c(c1)OC([C@H]1[C@H]2CC(=CC1)C)(C)C)(C)C,7.552841969
FCCOc1ccc2c(c1)c(CCN1CCOCC1)c(n2C(=O)c1cccc(c1Cl)Cl)C,7.568636236
CC1=CCC2C(C1)c1c(O)cc(cc1OC2(C)C)CCCCC(F)(F)F,7.522878745
CCCn1cc(c2c1cccc2)C(=O)c1ccc(c2c1cccc2)OC,7.49498576
C#Cc1cccc(c1Cn1nnc2c1nc(nc2N1CCC(C1)(F)F)C(c1ccccc1)(F)F)C1(N=N1)C(F)(F)F,7.508638306
CCCCCc1ccc2c(c1)OC([C@H]1[C@H]2CC(=CC1)C)(C)C,7.494850022
CCCCCCC(c1cc(Br)c2c(c1)OC([C@H]1[C@H]2CC(=CC1)C)(C)C)(C)C,7.468521083
O=C(C1CC21CCCCC2)c1cn(c2c1cccc2)CCN1CCOCC1,7.455931956
CC1=CC[C@@H]2[C@@H](C1)c1c(O)cc(cc1OC2(C)C)C(C(=O)OCCCCN1CCOCC1)(C)C,7.399027104
C=CCc1cc(ccc1OCC)c1cc(CC=C)ccc1O,7.397940009
C=CCc1ccc(c(c1)c1ccc(c(c1)/C=C/C)OC)O,7.389339837
OCCCCn1c(=O)c(C(=O)NCC2CCCCC2)c(c2c1cccc2)O,7.387216143
CCC1COc2c3n1cc(C(=O)NC14CC5CC(C4)CC(C1)C5)c(=O)c3ccc2N1CCN(CC1)C,7.37675071
CCCCCCN1C(=O)/C(=N\NC(=O)c2ccccc2)/c2c1cccc2,7.353596274
C=CCc1cc(ccc1OCCC)c1cc(CC=C)ccc1O,7.337242168
OCc1ccc2c(c1)c1c(O)cc(cc1OC2(C)C)C12CC3CC(C2)CC(C1)C3,7.327902142
N#Cc1c(cccc1C(F)(F)F)Oc1cccc(c1)OS(=O)(=O)CCCC(F)(F)F,7.341988603
Cc1nonc1Cn1nnc2c1nc(nc2N1CCC2(C1)N=N2)C(c1ccccc1)(F)F,7.341988603
CCOC(=O)C(c1cc(O)c(c(c1)O)c1cc(C)cc(c1)C)(C)C,7.311580178
CCCCc1ccc(c2c1cccc2)C(=O)c1c(C)n(c2c1cccc2)CCC,7.309981219
CCCCCc1cc(OC)c2c(c1)oc(=O)c(c2)Cc1ccccc1OC,7.30980392
NC(=O)CN1CCN(CC1)Cc1onc(n1)c1cn(c2c1cccc2Cl)CC1CCOCC1,7.299988938
CCCCCCC(c1cc(OC(=O)C)c2c(c1)OC([C@H]1[C@H]2CC(=CC1)C(=O)O)(C)C)(C)C,7.292429824
C=CCc1ccc(c(c1)c1ccc(c(c1)CC=C)O)OCC,7.292429824
CCCCc1ccc(c2c1cccc2)C(=O)c1cn(c2c1cccc2)CCC,7.283996656
CCCCCCC(c1cc(O)c2c(c1)OC([C@H]1[C@H]2COC(=O)CC1)(C)C)(C)C,7.283996656
CCCCn1nc(s/c/1=N\C(=O)c1cc(ccc1ON=C(C(F)(F)F)C)C(F)(F)F)C(C)(C)C,7.283996656
CCN1CCN(CC1)c1nc(C)nc2c1[nH]c(n2)c1ccccc1Cl,7.292429824
COc1ccc(c2c1c(O)c(cn2)C(=O)NC12CC3CC(C2)CC(C1)C3)OC,7.279014256
COc1ccc2c(c1)N(C)C([C@H]1[C@H]2C[C@H](C)CC1)(C)C,7.26760624
Clc1cc(ccc1Cn1nnc2c1nc(nc2N1CCC(C1)(F)F)C(C)(C)C)C1(N=N1)C(F)(F)F,7.254925208
COCCOCn1cc(C(=O)NC23CC4CC(C3)CC(C2)C4)c(=O)c2c1cc(F)cc2,7.251811973
CCCCCC1(CC(=O)O1)c1cc(O)c2c(c1)OC([C@H]1[C@H]2CC(=CC1)C)(C)C,7.255707017
CCCOc1ccc(cc1c1ccc(c(c1)CC=C)O)CC=C,7.244125144
O=C(c1nn(c2c1C[C@@H]1[C@H]2C1)CC1CCOCC1)NC1(CCC1)c1ccccn1,7.231361899
CCCCCOc1cccc2c1ncc(c2O)C(=O)NC12CC3CC(C2)CC(C1)C3,7.22184875
C#Cc1cccc(c1Cn1nnc2c1nc(nc2N1CC[C@@H](C1)O)C(c1ccccc1)(F)F)C1(N=N1)C(F)(F)F,7.236572006
CN(CCn1cc(C(=O)NC23CC4CC(C3)CC(C2)C4)c(=O)c2c1cc(F)cc2)C,7.22184875
NCCSSCCc1ccccc1Cn1nnc2c1nc(nc2N1CCC(C1)(F)F)C(C)(C)C,7.200659451
CCCCn1nc(s/c/1=N\C(=O)c1cc(ccc1ON=C(C(C)(C)C)N)C(F)(F)F)C(C)(C)C,7.187086643
CCCCCn1c(=O)c(C(=O)NC23CC4CC(C3)CC(C2)C4)c(c2c1cc(F)c(c2)C(C)C)O,7.180456064
CCCCC1(CCCC1)c1cc(O)c2c(c1)oc(=O)c(c2)Cc1ccccc1O,7.167491087
O=NC1=C(Cc2cn(c3c2cccc3)Cc2ccccc2)N2CCC1CC2,7.161150909
CCCCn1nc(s/c/1=N\C(=O)c1cc(ccc1ON=C(c1ccncc1)N)C(F)(F)F)C(C)(C)C,7.167491087
CCCn1cc(c2c1cccc2)C(=O)c1cccc2c1cc(OC)cc2,7.148986393
CCCCC(c1cc(Br)c2c(c1)OC([C@H]1[C@H]2CC(=CC1)C)(C)C)(C)C,7.148741651
FC1(F)CCN(C1)c1nc(nc2c1nnn2Cc1ccccc1CCSSc1ccccn1)C(C)(C)C,7.142667504
CCOc1ccc(c2c1cccc2)C(=O)c1cn(c2c1cccc2)CCC,7.131003098
CCCCCn1cc(C(=O)NC23CC4CC(C3)CC(C2)C4)c(=O)c2c1ccc(c2)S(=O)c1ccccc1,7.135488919
CCCc1ccc(c(c1)c1ccc(c(c1)CCC)OC)O,7.13076828
CC1=CC[C@@H]2[C@@H](C1)c1c(O)cc(cc1OC2(C)C)CC1C2CC3CC1CC(C2)C3,7.119186408
CCCCCCC(c1ccc(cc1)OCC/C=C\C/C=C\CCCC(=O)N[C@@H](CO)C)(C)C,7.106682188
CCCn1cc(c2c1cccc2)C(=O)c1c(OC)ccc2c1cccc2,7.0970186
Cc1ccc(cc1S(=O)(=O)N1CCOCC1)c1c[nH]c(n1)C(C)(C)C,7.091514981
C#Cc1cccc(c1Cn1nc2c(n1)nc(nc2N1CCC(C1)(F)F)C(C)(C)C)C1(N=N1)C(F)(F)F,7.089375595
C=CCc1ccc(c(c1)c1ccc(c(c1)CC(Br)C)OC)O,7.075720714
ON=C(CN1CCC[C@H]1COc1ccc(cc1C(=O)/N=c/1\sc(cn1C[C@H]1CCCO1)C(C)(C)C)C(F)(F)F)C,7.070581074
Cc1ccc(cc1S(=O)(=O)N1CCOCC1)c1nnc([nH]1)CC(C)(C)C,7.070581074
SC1CCN(C1)c1nc(nc2c1nnn2Cc1ccccc1Cl)C(C)(C)C,7.070581074
CCCCn1nc(s/c/1=N\C(=O)c1cc(ccc1ON=C(c1cccnc1)N)C(F)(F)F)C(C)(C)C,7.060480747
CCCCn1cc(ccc1=NC(=O)c1cc(ccc1ONC(C)(C)C)C(F)(F)F)C(C)(C)C,7.055517328
S=C=NCc1ccccc1Cn1nnc2c1nc(nc2N1CCC(C1)(F)F)C(C)(C)C,7.055517328
CCCCCCN1C(=O)C(=NNC(=O)c2ccccc2)c2c1cc(OC)cc2,7.046240308
S=C=NCc1ccccc1Cn1nnc2c1nc(nc2N1CC[C@@H](C1)O)C(C)(C)C,7.040958608
OCCSSc1ccccc1Cn1nnc2c1nc(cc2N1CCC(C1)(F)F)C(C)(C)C,7.022276395
CCOC(=O)C(c1cc(O)c(c(c1)O)c1cccc(c1)C#N)(C)C,7.023191663
Fc1ccc(c(c1)F)n1nc(c2c1[C@H]1C[C@H]1C2)C(=O)NC1(CC1)c1ccccc1,7.010550182
OC[C@H](C(C)(C)C)NC(=O)c1nn(c2c1C[C@@H]1[C@H]2C1)c1ncc[n+](c1)[O-],7.010105436
CCCn1c(C)c(c2c1cccc2)C(=O)c1ccc(c2c1cccc2)OC,7.01300446
C#Cc1cccc(c1Cn1nc2c(n1)nc(nc2N1CC[C@@H](C1)O)C(C)(C)C)C1(N=N1)C(F)(F)F,7.003488328
Cc1ccc(cc1S(=O)(=O)N1CCOCC1)c1nnc([nH]1)C(C)(C)C,7
C=CCc1ccc(c(c1)c1ccc(c(c1)CC=C)O)OCCCCC,6.991399828
CCCn1cc(c2c1cccc2)C(=O)c1cccc2c1cc(C)cc2,6.974981028
O=NC1=C(Cc2cn(c3c2cccc3)Cc2ccc(cc2)Cl)N2CCC1CC2,6.970616222
N#Cc1ccc(cc1)Cn1cc(c2c1cccc2)C=C1N2CCC(C1=O)CC2,6.943095149
CCCn1cc(c2c1cccc2)C(=O)c1cccc2c1cc(CC)cc2,6.909988976
O[C@@H]1CC[C@@H]2[C@@H](C1)c1c(O)cc(cc1OC2(C)C)C(=O)c1csc2c1cccc2,6.903785415
CCCCC/C=C\C/C=C\C/C=C\C/C=C\CCC(C(=O)NCCF)C,6.886056648
CCCCn1ccc(cc1=NC(=O)c1cc(ccc1ONC(C)(C)C)C(F)(F)F)C(C)(C)C,6.89279003
C=CCc1cc(ccc1OCC)c1cc(CC=C)ccc1OCC,6.872895202
CCCCc1nc2ccc(cc2c(c1C(=O)NC12CC3CC(C2)CC(C1)C3)O)c1ccco1,6.876148359
CCCCCCC(C1=CC(=O)C2=C(C1=O)OC(c1c2n[nH]c1)(C)C)(C)C,6.872895202
CCCn1cc(c2c1cccc2)C(=O)c1cccc2c1ccc(c2)OC,6.859995049
[N-]=[N+]=NC1CCN(C1)c1nc(nc2c1nnn2Cc1nonc1C)C(C)(C)C,6.863279433
OCCSSCCc1ccccc1Cn1nnc2c1nc(nc2N1CCC(C1)(F)F)C(c1ccccc1)(F)F,6.860120914
Fc1ccc(cc1)Cn1nc(c2c1sc(c2)C(=O)NCc1c(C)cc([nH]c1=O)C)C,6.844663963
CN(CCn1cc(C(=O)NC23CC4CC(C3)CC(C2)C4)c(=O)c2c1ccc(c2)C(C)C)C,6.835647144
CCCCCCCC(c1ccc(cc1)[C@@H]1CCC[C@H](C1)O)(C)C,6.812479279
S[C@H]1CCN(C1)c1nc(nc2c1nnn2Cc1nonc1C)C(C)(C)C,6.815308569
CSC(=O)N1CC2(CCCCC2)CN=C1Nc1cccc2c1cccc2,6.809668302
CCCn1cc(c2c1cccc2)C(=O)c1cccc2c1cccc2,6.770011163
CCCCCCC(c1cc(O)c2c(c1)OC([C@H]1[C@H]2CC(=CC1)C(=O)O)(C)C)(C)C,6.76700389
CCCCCCCC(c1ccc(cc1)[C@@H]1C[C@H](O)CC[C@H]1CCCO)(C)C,6.761953897
NCCSSCCc1ccccc1Cn1nnc2c1nc(nc2N1CCC(C1)(F)F)C(c1ccccc1)(F)F,6.752026734
CN=C(C1=NN(C(C1)c1ccccc1)c1ccc(cc1Cl)Cl)NS(=O)(=O)c1ccc(cc1)C(F)(F)F,6.747146969
CCCCCCC(c1ccc(cc1)[C@@H]1CCC[C@H](C1)O)(C)C,6.749579998
CCCCCCC(c1ccc(cc1)[C@H]1CCC[C@@H](C1)O)(C)C,6.749579998
CCCCCc1cc(O)c(c(c1)O)C/C=C(/CC/C=C(/CCC=C(C)C)\C)\C,6.744727495
CCCCCCC(c1cccc(c1)OCC/C=C\C/C=C\C/C=C\CCCC(=O)N[C@@H](CO)C)(C)C,6.723538196
COc1ccc(cc1)C1C(Cc2cc3c(o2)cccc3)C(=O)N1c1ccccc1,6.711750774
C#CCCC1(CCNC(=O)c2nonc2Cn2nnc3c2nc(nc3N2CC[C@@H](C2)O)C(C)(C)C)N=N1,6.698970004
[N-]=[N+]=NC1CCN(C1)c1nc(nc2c1nnn2Cc1ccccc1Cl)C(C)(C)C,6.677780705
CCCCCCC(c1cc(O)c2c(c1)oc(=O)c(c2)Cc1ccccc1O)(C)C,6.677780705
N#CSCc1ccccc1Cn1nc2c(n1)nc(nc2N1CCC(C1)(F)F)C(C)(C)C,6.675717545
CCCCCC(c1ccc(cc1)[C@@H]1CCC[C@H](C1)O)(C)C,6.66756154
CN=C(N1CC(C(=N1)c1ccc(cc1)Cl)c1ccccc1)NS(=O)(=O)N1CCC(CC1)(F)F,6.659555885
O=C(c1cnc2c(c1O)cccc2c1ccccc1)NC12CC3CC(C2)CC(C1)C3,6.657577319
CCOc1ccc(c2c1cccc2)C(=O)c1c2ccccc2n(c1C)CCC,6.656000931
CCCCCC(c1ccc(cc1)[C@@H]1C[C@H](O)CC[C@H]1CCCO)(C)C,6.655607726
CCCCCCC(c1ccc(cc1)[C@H]1CCC[C@H](C1)O)(C)C,6.63638802
CCCCCCC(c1ccc(cc1)[C@@H]1C[C@H](O)CC[C@H]1CCCO)(C)C,6.623423043
CCCn1c(C)c(c2c1cccc2)C(=O)c1cccc2c1cc(CC)cc2,6.62000596
Fc1ccc2c(c1)n(CCN1CCS(=O)(=O)CC1)cc(c2=O)C(=O)NC12CC3CC(C2)CC(C1)C3,6.609064893
FC1(F)CCN(C1)c1nc(nc2c1nnn2Cc1ccccc1CCS(=O)(=O)n1nnc2c1cccc2)C(C)(C)C,6.609064893
CNC(=NS(=O)(=O)N1CCC(CC1)(F)F)N1CCC(C(=N1)c1ccc(cc1)Cl)c1ccccc1,6.607303047
CN=C(C1=NN(C(C1)c1ccccc1)c1ccc(cc1Cl)Cl)NS(=O)(=O)c1ccc(cc1)Cl,6.605548319
OCCCCn1c(=O)c(C(=O)NCc2ccc(cc2)F)c(c2c1ccc(c2)c1ccco1)O,6.596879479
CCCCCCC(c1ccccc1/C=C\C/C=C\C/C=C\CCCC(=O)N[C@@H](CO)C)(C)C,6.58950958
N#Cc1c2oc3c(c2ccc1C(F)(F)F)cccc3OS(=O)(=O)CCCC(F)(F)F,6.596879479
FC1(F)CCN(C1)c1nc(nc2c1nnn2Cc1ccccc1CCSSc1ccccn1)C(c1ccccc1)(F)F,6.581698709
CCCC(c1cc(Br)c2c(c1)OC([C@H]1[C@H]2CC(=CC1)C)(C)C)(C)C,6.576754126
CCCCC/C=C/C/C=C/C/C=C/C/C=C/CCCC(=O)NCCO,6.555955204
CC(=O)SC(C1C(=O)N(C1c1ccc(cc1)O)c1ccc(cc1)F)CCc1ccccc1,6.549750892
O[C@H]1CCN(C1)c1nc(nc2c1nnn2Cc1ccccc1CS(=O)(=O)F)C(C)(C)C,6.548213564
CCCCCC[C@@H](OC(=O)Cc1ccccc1)CC=CCCCCCCCC(=O)NCc1ccc(c(c1)OC)O,6.522878745
S=C=Nc1ccccc1Cn1nnc2c1nc(nc2N1CCC(C1)(F)F)C(C)(C)C,6.522878745
CNC(=NS(=O)(=O)N1CCC(CC1)C(F)(F)F)N1C[C@@H](C(=N1)c1ccc(cc1)Cl)c1ccccc1,6.515700161
N#Cc1c2oc3c(c2ccc1C(F)(F)F)ccc(c3)OS(=O)(=O)CCCC(F)(F)F,6.498940738
CN=C(N1CCC(C(=N1)c1ccc(cc1)Cl)c1ccccc1)NS(=O)(=O)c1ccc(cc1)Cl,6.49757288
CCCCC/C=C\C/C=C\C/C=C\C/C=C\CCCC(=O)NCCF,6.494850022
CCCCCn1ccc(c1)C(=O)c1cccc2c1cccc2,6.494850022
CN=C(C1=NN(C(C1)c1ccccc1)c1ccc(cc1Cl)Cl)NS(=O)(=O)c1cccc(c1)Cl,6.48148606
O=C1C2CCN(C1=Cc1cn(c3c1cccc3)Cc1ccccc1Br)CC2,6.477555766
C#Cc1cccc(c1Cn1nc2c(n1)nc(nc2N1CC[C@@H](C1)O)C(c1ccccc1)(F)F)C1(N=N1)C(F)(F)F,6.446116973
Fc1ccccc1Cn1nc2c(n1)c(nc(n2)C(C)(C)C)N1CCC(C1)(F)F,6.442492798
CCOC(=O)C(c1cc(O)c(c(c1)OC)c1cc(C)cc(c1)C)(C)C,6.425968732
SC1CN(C1)c1nc(nc2c1nnn2Cc1ccccc1Cl)C(C)(C)C,6.416801226
CCCCCN1C(=O)C(=NNC(=O)CN(c2ccc(c3c2non3)[N+](=O)[O-])C)c2c1cc(OC)cc2,6.412289035
CCCCC/C=C\C/C=C\C/C=C\C/C=C\CCCC(=O)NC(CO)C,6.397940009
CCCCCCC(OC(=O)Cc1ccccc1)C/C=C/CCCCCCCC(=O)NCc1ccc(c(c1)OC)O,6.397940009
CCCCCc1cc(OC)c2c(c1)oc(=O)c(c2)Cc1ccccc1C,6.392544977
Clc1ccc(cc1)c1c(S(=O)C)c(nn1c1ccc(cc1Cl)Cl)C(=O)NN1CCCCC1,6.400116928
CCCc1ccc(c(c1)c1cc(CCC)ccc1O)O,6.380906669
CCCn1c(C)c(c2c1cccc2)C(=O)c1cc(NC(=O)C[NH3+])cc2c1cccc2,6.37675071
CCCCCCCCC(c1ccc(cc1)[C@@H]1C[C@H](O)CC[C@H]1CCCO)(C)C,6.375717904
C#Cc1cccc(c1Cn1nc2c(n1)nc(nc2N1CCC(C1)(F)F)C(C)(C)C)S(=O)(=O)F,6.375717904
S=C=NC1CCN(C1)c1nc(nc2c1nnn2Cc1nonc1C)C(C)(C)C,6.370590401
COc1ccc(cc1CC(Br)C)c1cc(ccc1O)CC(Br)C,6.369572125
CCCn1c(C)c(c2c1cccc2)C(=O)c1cccc2c1cc(OC)cc2,6.356004794
CCCCC/C=C\C/C=C\C/C=C\C/C=C\CCCC(=O)NCCOC,6.346787486
CCCCCC(c1ccc(cc1)[C@H]1CCC[C@H](C1)O)(C)C,6.337242168
N#CSc1ccccc1Cn1nc2c(n1)nc(nc2N1CCC(C1)(F)F)C(C)(C)C,6.343901798
COCCOCn1cc(C(=O)NC23CC4CC(C3)CC(C2)C4)c(=O)c2c1ccc(c2)C(C)C,6.318758763
N#CSCc1ccccc1Cn1nc2c(n1)nc(nc2N1CC[C@@H](C1)O)C(C)(C)C,6.276544328
CC1N(C)c2c(C1(C)C)cc(cc2)P(=O)(c1ccccc1)c1ccccc1,6.26760624
CCCCC/C=C\C/C=C\C/C=C\C/C=C\CCCC(=O)N1CCOCC1,6.26760624
CCCCC(c1ccc(cc1)[C@@H]1CCC[C@H](C1)O)(C)C,6.262807357
COc1ccc(cc1)c1c(C#N)c(nn1c1ccccc1I)C(=O)NN1CCCCC1,6.261219442
CCCCCC(c1ccc(c(c1)OC)[C@H]1CCC[C@H](C1)O)(C)C,6.257274869
FC1(F)CCN(C1)c1cc(nc2c1nnn2Cc1ccccc1SSc1ccccn1)C(C)(C)C,6.266802735
CCCCCc1cc(Br)c2c(c1)OC([C@H]1[C@H]2CC(=CC1)C)(C)C,6.255707017
Clc1ccc(cc1)C1=NN(CC1c1ccccc1)C(=NS(=O)(=O)c1ccc(cc1)Cl)N1CCS(=O)(=O)CC1,6.243363892
CNC(=NS(=O)(=O)N1CCCCC1)N1CCC(C(=N1)c1ccc(cc1)Cl)c1ccccc1,6.243363892
COC(=O)c1ccc(cc1)Cn1cc(c2c1cccc2)C=C1N2CCC(C1=O)CC2,6.230622674
CNC(=NS(=O)(=O)N1CCC(CC1)C(F)(F)F)C1=NN([C@H](C1)c1ccccc1)c1ccc(cc1)Cl,6.233587153
CNC(=NS(=O)(=O)N1CCC(CC1)C(F)(F)F)C1=NN([C@@H](C1)c1ccccc1)c1ccc(cc1)Cl,6.217527376
FC1(F)CCN(C1)c1nc(nc2c1nnn2Cc1ccccc1S(=O)(=O)F)C(c1ccccc1)(F)F,6.200659451
CCCCC(c1ccc(cc1)[C@H]1CCC[C@H](C1)O)(C)C,6.194499142
FC1(F)CCN(C1)c1nc(nc2c1nn(n2)Cc1ccccc1CS(=O)(=O)F)C(C)(C)C,6.195860568
S[C@@H]1CCN(C1)c1nc(nc2c1nnn2Cc1nonc1C)C(C)(C)C,6.193820026
CCCCCCCC(c1ccc(cc1)[C@H]1CCC[C@H](C1)O)(C)C,6.172630727
C=CCNC(=O)/C=C/CCC(=C)[C@@H]1CC([C@@H]1CCC(=C)C)(C)C,6.167491087
CC(Cc1ccc(c(c1)c1ccc(c(c1)CC(Br)C)O)O)Br,6.167491087
CCCCCC(c1ccc(c(c1)OC)[C@H]1CCC[C@@H](C1)O)(C)C,6.159266765
CCOC(=O)C(c1cc(O)c(c(c1)O)c1cc(Cl)cc(c1)Cl)(C)C,6.15490196
CCCCC(c1ccc(cc1)[C@@H]1C[C@H](O)CC[C@H]1CCCO)(C)C,6.15490196
[N-]=[N+]=NC1CCN(C1)c1nc(nc2c1nnn2Cc1ccccc1Cl)C(c1ccccc1)(F)F,6.137272472
CCCCCCC(c1ccc(c(c1)OC)[C@H]1CCC[C@H](C1)O)(C)C,6.092588639
CCCCC/C=C/C/C=C/C/C=C/C/C=C/CCCC(=O)OC(CO)CO,6.049635146
Fc1ccc2c(c1)ncc(c2O)C(=O)N[C@H]1[C@]2(C)CCC(C1(C)C)C2,6.019042684
O=C(c1cc(n(c1C)CCC1=CCCCC1)C)COc1ccccc1C(=O)N,6.017728767
C#CCCC1(CCNC(=O)c2nonc2Cn2nc3c(n2)nc(nc3N2CCC(C2)(F)F)C(C)(C)C)N=N1,6.030584088
CCOC(=O)C(c1cc(OC)c(c(c1)OC)c1cc(C)cc(c1)C)(C)C,6
CCCCOC(=O)Cc1cc(O)c2c(c1)OC([C@H]1[C@H]2CC(=O)CC1)(C)C,6
CCOC(=O)C(c1cc(OC)c(c(c1)OC)c1cc(Cl)cc(c1)Cl)(C)C,6
CCCCCCC(c1cc(O)c2c(c1)OC([C@H]1[C@H]2CC(=CC1)C)(C)C)(CC(=O)O)O,6
CCCNC(=O)/C=C/CCC(=C)[C@@H]1CC([C@@H]1CCC(=C)C)(C)C,5.995678626
CSSC1CCN(C1)c1nc(nc2c1nnn2Cc1nonc1C)C(c1ccccc1)(F)F,5.987584625
CSC(=NS(=O)(=O)c1ccc(cc1)C(F)(F)F)N1CC(C(=N1)c1ccc(cc1)Cl)c1ccccc1,6
OCCNC(=O)CCC(=O)C=Cc1ccc2c(c1)cccc2,5.987162775
OCCNC(=O)CCCC(=O)C=Cc1ccc2c(c1)cccc2,5.987162775
CN=C(N1CC(C(=N1)c1ccc(cc1)Cl)c1ccccc1)NS(=O)(=O)N1CCCCCC1,5.986320303
CCCCCCCCC(c1ccc(cc1)[C@@H]1CCC[C@H](C1)O)(C)C,5.967784297
CNC(=NS(=O)(=O)N1CCCCC1)C1=NN(C(C1)c1ccccc1)c1ccc(cc1)Cl,5.964170175
C=CCc1cc(ccc1OC)c1cc(ccc1O)CC(Br)C,5.968591536
COc1ccc(cc1)C1C(CCCc2cccnc2)C(=O)N1c1ccccc1,5.96237433
C#Cc1cccc(c1Cn1nc2c(n1)nc(nc2N1CCC(C1)(F)F)C(c1ccccc1)(F)F)C1(N=N1)C(F)(F)F,5.968995719
CCCCCCC(OC(=O)Cc1ccccc1)CCCCCCCCCCC(=O)NCc1ccc(c(c1)OC)O,5.958607315
CN=C(N1CC(C(=N1)c1ccc(cc1)Cl)c1ccccc1)NS(=O)(=O)N(C(C)C)C,5.948461609
O[C@H]1CCN(C1)c1nc(nc2c1nnn2Cc1ccccc1S(=O)(=O)F)C(c1ccccc1)(F)F,5.948076084
N#Cc1c2Oc3c(Cc2ccc1C(F)(F)F)cccc3OS(=O)(=O)CCCC(F)(F)F,5.935542011
CCCCCCCCC(c1ccc(cc1)[C@H]1CCC[C@H](C1)O)(C)C,5.950781977
O[C@H]1CCN(C1)c1nc(nc2c1nn(n2)Cc1ccccc1F)C(C)(C)C,5.933674075
C#CCCC1(CCNC(=O)c2nonc2Cn2nnc3c2nc(nc3N2CCC(C2)(F)F)C(C)(C)C)N=N1,5.93516778
CCCCc1nc2ccc(cc2c(c1C(=O)NC12CC3CC(C2)CC(C1)C3)O)Br,5.928117993
S=C=NC1CCN(C1)c1nc(nc2c1nnn2Cc1ccccc1Cl)C(c1ccccc1)(F)F,5.906928694
O=C(Cc1ccc(cc1)Br)NCCC(c1ccccc1)c1ccccc1,5.886056648
C=CCc1cc(ccc1O)c1cc(ccc1O)CC(Br)C,5.898252926
CCCc1ccc(c(c1)c1ccc(c(c1)CCC)O)O,5.884389488
[N-]=[N+]=NC1CCN(C1)c1nc(nc2c1nnn2Cc1nonc1C)C(c1ccccc1)(F)F,5.884722409
CN=C(N1CC(C(=N1)c1ccc(cc1)Cl)c1ccccc1)NS(=O)(=O)N1CCCCC1,5.879097182
S=C=NC1CCN(C1)c1nc(nc2c1nnn2Cc1ccccc1Cl)C(C)(C)C,5.866461092
OCCC[C@@H]1CC[C@H](C[C@H]1c1ccc(cc1)C(CC)(C)C)O,5.865822892
CSSC1CCN(C1)c1nc(nc2c1nnn2Cc1ccccc1Cl)C(c1ccccc1)(F)F,5.862645889
CCCCCC[C@@H](OC(=O)c1ccccc1)CC=CCCCCCCCC(=O)NCc1ccc(c(c1)OC)O,5.853871964
CCCCCCCCC1OC1CCCCCCCC(=O)NCc1ccc(c(c1)OC)O,5.853871964
ClCCNC(=O)/C=C/CCC(=C)[C@@H]1CC([C@@H]1CCC(=C)C)(C)C,5.844663963
S=C=NC1CCN(C1)c1nc(nc2c1nnn2Cc1nonc1C)C(c1ccccc1)(F)F,5.835647144
CCCCCC[C@@H](OC(=O)Cc1ccccc1)CC=CCCCCCCCC(=O)NCc1cc(I)c(c(c1)OC)O,5.823908741
CCCC(c1ccc(cc1)[C@@H]1CCC[C@H](C1)O)(C)C,5.822175028
S[C@@H]1CCN(C1)c1nc(nc2c1nnn2Cc1ccccc1Cl)C(C)(C)C,5.805763251
CCCCCCCC/C=C\CCCCCCCC(=O)N[C@H]1C[C@H]1O,5.787812396
CN=C(N1CC(C(=N1)c1ccc(cc1)Cl)c1ccccc1)NS(=O)(=O)N1CCCC1,5.795608668
C=CCc1ccc(c(c1)c1ccc(c(c1)/C=C/C)O)O,5.753747688
CCCC(c1ccc(cc1)[C@@H]1C[C@H](O)CC[C@H]1CCCO)(C)C,5.7490923
N#Cc1c2oc3c(c2ccc1C(F)(F)F)c(ccc3)OS(=O)(=O)CCCC(F)(F)F,5.743522794
CN=C(N1CC(C(=N1)c1ccc(cc1)Cl)c1ccccc1)NS(=O)(=O)N(CC)C,5.727926212
Oc1ccc(cc1)C1C(CCC(c2ccc(cc2)F)O)C(=O)N1c1ccc(cc1)F,5.740358347
CCCCCc1cc2OC(C)(C)[C@H]3[C@H](c2c(c1)S(=O)C)C=C(CC3)C,5.714442691
O=C(c1cn(CCN2CCS(=O)(=O)CC2)c2c(c1=O)cc(cc2)C(C)C)NC12CC3CC(C2)CC(C1)C3,5.714217726
CN=C(N1N=C(C(C1)c1ccccc1)c1ccc(cc1)Cl)NS(=O)(=O)c1ccc(cc1)Cl,5.7000571
CCCCCn1c2ccc(cc2c2c1cccc2)C(=O)N1CCN(CC1)CC(=O)NC(C)(C)C,5.705974906
O=C(NC1CC1)CCCC(=O)C=Cc1ccc2c(c1)cccc2,5.690369833
CCCC(c1ccc(cc1)[C@H]1CCC[C@H](C1)O)(C)C,5.68613278
CCCCCC[C@@H](OC(=O)Cc1ccccc1)CC=CCCCCCCCC(=O)NCc1cc(OC)c(cc1I)O,5.657577319
OCCCCn1c(=O)c(C(=O)NCc2ccc(cc2)OC)c(c2c1ccc(c2)c1cccs1)O,5.649945906
Clc1ccc(cc1)c1c(C)c(nn1c1ccc(cc1Cl)Cl)C(=O)Nc1ccc([n+](c1)C)C,5.643974143
Clc1ccc(cc1)c1c(C)c(nn1c1ccc(cc1Cl)Cl)C(=O)NCC1CCC(CC1)CNS(=O)(=O)N,5.63638802
Clc1cc(ccc1Cn1nc2c(n1)nc(nc2N1CCC(C1)(F)F)C(C)(C)C)C1(N=N1)C(F)(F)F,5.630042393
COc1ccc(cc1O)CN1CCCn2c3C1CCCc3c1c2ccc(c1)C,5.626352528
O=C(Cc1ccc(cc1)Cl)NCCC(c1ccccc1)c1ccccc1,5.619788758
CCCCCCCC/C=C\CCCCCCCC(=O)N[C@H]1C[C@@H]1O,5.616184634
S[C@H]1CCN(C1)c1nc(nc2c1nnn2Cc1ccccc1Cl)C(C)(C)C,5.602581458
CCOC(=O)CNC(=O)CCC(=O)C=Cc1ccc2c(c1)cccc2,5.602059991
CN=C(N1CC(C(=N1)c1ccc(cc1)Cl)c1ccccc1)NS(=O)(=O)N1CCCCCCC1,5.587707491
CCN(S(=O)(=O)NC(=NC(C)C)N1CC(C(=N1)c1ccc(cc1)Cl)c1ccccc1)CC,5.559878397
C#CCCC1(CCNC(=O)c2nonc2Cn2nc3c(n2)nc(nc3N2CC[C@@H](C2)O)C(C)(C)C)N=N1,5.543482142
CCN=C(N1CC(C(=N1)c1ccc(cc1)Cl)c1ccccc1)NS(=O)(=O)N(CC)CC,5.543026986
CCCCCn1c2ccc(cc2c2c1cccc2)C(=O)N1CCN(CC1)C(=O)OC(C)(C)C,5.529148675
CCCCC/C=C\C/C=C\C/C=C\C/C=C\CCCC(=O)N(c1c(C)n(n(c1=O)c1ccccc1)C)C,5.522878745
C/C=C/c1ccc(c(c1)c1cc(/C=C/C)ccc1O)O,5.503070352
CN=C(N1CC(C(=N1)c1ccc(cc1)Cl)c1ccccc1)NS(=O)(=O)N(CC)CC,5.485452247
N#Cc1c2oc3c(c2ccc1C(F)(F)F)cc(cc3)OS(=O)(=O)CCCC(F)(F)F,5.482804102
COc1cccc2c1ncc(c2O)C(=O)NC12CC3CC(C2)CC(C1)C3,5.463062977
CNC(=NS(=O)(=O)N1CCCCC1)N1C[C@@H](C(=N1)c1ccc(cc1)Cl)c1ccccc1,5.45655282
CN=C(N1C[C@@H](C(=N1)c1ccc(cc1)Cl)c1ccccc1)NS(=O)(=O)c1ccc(cc1)C(F)(F)F,5.454074671
CN=C(N1CC(C(=N1)c1ccc(cc1)Cl)c1ccccc1)NS(=O)(=O)N1CCSCC1,5.452717692
Clc1ccc(cc1)n1nc(nc1c1ccc(cc1Cl)Cl)C(=O)NN1CCCCC1,5.448306085
CCC(c1ccc(cc1)[C@@H]1CCC[C@H](C1)O)(C)C,5.424927674
CN=C(N1CC(C(=N1)c1ccc(cc1)Cl)c1ccccc1)NS(=O)(=O)N(C)C,5.416234632
CCC(c1ccc(cc1)[C@H]1CCC[C@H](C1)O)(C)C,5.40099076
Ic1ccc(cc1)c1c(C)c(nn1c1ccc(cc1Cl)Cl)C(=O)NN1CCOCC1,5.37675071
CC1CCCN(C1)Cc1cc(ccc1OCC(=O)NCc1ccccc1F)c1ccc2c(c1)OCO2,5.35261703
C1CCN(CC1)Cc1nc(NC2CCCc3c2cccc3)c2c(n1)sc1c2CCCC1,5.320208829
CCCCC/C=C\C/C=C\C/C=C\C/C=C\CCC(C(=O)NCCO)C(C)C,5.292429824
CCCCC/C=C\C/C=C\C/C=C\C/C=C\CCCC(=O)Nc1c(C)n(n(c1=O)c1ccccc1)C,5.26760624
CN=C(N1CC(C(=N1)c1ccc(cc1)Cl)c1ccccc1)NS(=O)(=O)N1CCOCC1,5.269863996
Clc1ccc(cc1)c1nc(nn1c1ccc(cc1Cl)Cl)C(=O)NN1CCCCC1,5.264081883
CCCCCCC(OC(=O)Cc1ccccc1)CCC1OC1CCCCCCC(=O)NCc1ccc(c(c1)OC)O,5.22184875
CC(=C)CC[C@@H]1[C@@H](CC1(C)C)C(=C)CC/C=C/C(=O)NCCc1ccc(c(c1)O)O,5.187086643
Clc1ccc(cc1)[C@@H](c1cccnc1Cl)OC1CN(C1)C(=O)N1CCCCC1,5.14327111
O=C(C(c1ccccc1)c1ccccc1)NCCC(c1ccccc1)c1ccccc1,5.102372909
CN=C(N1N=C([C@H](C1)c1ccccc1)c1ccc(cc1)Cl)NS(=O)(=O)c1ccc(cc1)Cl,5.100015437
O=C(N1CCC(CC1)n1c(=O)[nH]c2c1cccc2)CCC(=O)c1ccc2c(c1)CCCC2,5.053990115
CN=C(N1CC(C(=N1)c1ccc(cc1)Cl)c1cccnc1)NS(=O)(=O)N(CC)CC,5.042057665
CCC(S(=O)(=O)c1cccc(c1)c1nnc(n1C1CCCCCC1)SCCN(C)C)CC,5.032826577
Clc1ccc(cc1)[C@H](c1cccnc1Cl)OC1CN(C1)C(=O)N1CCCCC1,4.962573502
CCCC(=NNC(=O)C1CC1(c1cccc(c1)C)c1cccc(c1)C)c1ccc(cc1)OC,4.832682665
Clc1ccc(cc1)C1CC(=NN1c1ccc(cc1Cl)Cl)C(=O)NN1CCOCC1,4.663540266
Fc1ccc(cc1)C1(C)NC(=O)N(C1=O)CC(=O)C1=C(C)C(C(=C1)C)CCc1cccs1,4.433444669
CN(C(c1cccs1)CNC(=O)C1(CCCCC1)Cc1ccccc1)C,4.14611935
CCCn1c(SCC(=O)NCC2COc3c(O2)cccc3)nc2c(c1=O)c1CCCc1s2,4.215382707
Clc1ccc(cc1)C(=O)N1CC[C@]([C@@H]2[C@H]1CCCC2)(O)c1ccccc1,9.853871964
O=C(c1cccc2c1cc[nH]2)N1CC[C@]([C@@H]2[C@H]1CCCC2)(O)c1ccccc1,9.207608311
O=C(N1CC[C@]([C@@H]2[C@H]1CCCC2)(O)c1ccccc1)c1ccc2c(n1)cccc2,9.086186148
O=C(c1cccc2c1cn[nH]2)N1CCC([C@H]2[C@@H]1CCCC2)(O)c1ccccc1,8.795880017
Cc1ccc(cc1C(=O)N=c1sc(c(n1CC1CC1)C)C(C)(C)C)C(F)(F)F,8.677780705
O=C(c1cccc(c1F)C(F)(F)F)/N=c/1\cc(n(n1CC1CC1)C)C(C)(C)C,8.537602002
CCCCCOc1c(OC)ccc2c1[nH]c(=O)c(c2)C(=O)NCCc1ccc(cc1)N,8.494850022
O=C(N1CC[C@]([C@@H]2[C@H]1CCCC2)(O)c1ccccc1)c1ccccc1,8.37675071
O=C(c1nc(c2n1cccc2)C(c1cccnc1)O)NC12CC3CC(C2)CC(C1)C3,8.346787486
CN1CCC(C1)C(=O)N1CC[C@]([C@@H]2[C@H]1CCCC2)(O)c1ccccc1,8.229147988
O=C(c1cccc(c1C)C(F)(F)F)N=c1cc(n(n1CC1CC1)C)C(C)(C)C,7.958607315
CCCCCOc1c(OC)ccc2c1[nH]c(=O)c(c2)C(=O)Nc1ccccc1N,7.886056648
CCCCCOc1c(OC)ccc2c1[nH]c(=O)c(c2)NC(=O)Cc1ccc2c(c1)OCO2,7.698970004
O=C(N1CC[C@]([C@@H]2[C@H]1CCCC2)(O)c1ccccc1)c1[nH]nc(c1)c1ccccc1F,7.677780705
O=C(c1cccc2c1cc[nH]2)N1CC[C@]([C@@H]2[C@@H]1CCCC2)(O)c1ccccc1,7.657577319
Clc1ccc(cc1)C(=O)N1CC[C@]([C@@H]2[C@@H]1CCCC2)(O)c1ccccc1,7.619788758
CCCCCOc1c(OC)ccc2c1[nH]c(=O)c(c2)C(=O)NCCc1c[nH]c2c1cccc2,7.602059991
O=C(c1cccc2c1[nH]cn2)N1CC[C@@]([C@H]2[C@@H]1CCCC2)(O)c1ccccc1,7.455931956
Clc1ccc(cc1)Cn1c(c2ccccc2)c(c(c1C)C(=O)c1ccccc1)N,7.387216143
Cc1nnc(s1)c1c(nn(c1c1ccc(cc1)Br)c1ccc(cc1Cl)Cl)c1nnc(o1)C1(CC1)C(F)(F)F,7.41453927
O=C(N1CC[C@]([C@@H]2[C@@H]1CCCC2)(O)c1ccccc1)c1ccc2c(n1)cccc2,7.387216143
O=C(N1CC[C@]([C@@H]2[C@@H]1CCCC2)(O)c1ccccc1)c1ccccc1,7.346787486
CCCCCOc1c(OC)ccc2c1[nH]c(=O)c(c2)C(=O)NCc1ccccc1,7.200659451
Cc1ccc(cc1C(=O)N=c1cc(n(n1CC1CC1)C)C(C)(C)C)C(F)(F)F,7.055517328
CCCCCOc1c(OC)ccc2c1[nH]c(=O)c(c2)C(=O)NCCc1ccc(cc1)[N+](=O)[O-],7
N#Cc1cccc(c1)[C@@H]([C@@H](NS(=O)(=O)c1cccc(c1Cl)Cl)C)Cc1ccc(cc1)Cl,6.695294102
O=C(NC1CC(C)(C)Oc2c1cc(c1ccc(cc1)Cl)c(n2)c1ccc(cc1Cl)Cl)CC(C(F)(F)F)O,6.602059991
N#Cc1cccc(c1)[C@@H]([C@@H](NS(=O)(=O)c1c(Cl)cccc1Cl)C)Cc1ccc(cc1)Cl,6.547446937
CS(=O)Cc1ccc(c2c1cccc2)C(=O)Nc1nccnc1C(=O)NCC1CCC1,6.522878745
N#Cc1cccc(c1)[C@@H]([C@@H](NS(=O)(=O)c1ccc(cc1Cl)Cl)C)Cc1ccc(cc1)Cl,6.521722168
N#Cc1cccc(c1)[C@@H]([C@@H](NS(=O)(=O)c1cccc(c1)c1ccccc1)C)Cc1ccc(cc1)Cl,6.404063094
N#Cc1cccc(c1)[C@@H]([C@@H](NS(=O)(=O)c1ccc(cc1)c1ccccc1)C)Cc1ccc(cc1)Cl,6.391473966
CCCCCOc1c(OC)ccc2c1[nH]c(=O)c(c2)C(=O)NCCc1ccc(c(c1)O)O,6.400116928
N#Cc1cccc(c1)[C@@H]([C@@H](NS(=O)(=O)c1cc(Cl)ccc1Cl)C)Cc1ccc(cc1)Cl,6.302596277
CCc1n[nH]c(c1)C(=O)N[C@@H]1CC(C)(C)Oc2c1cc(c1ccc(cc1)Cl)c(n2)c1ccc(cc1Cl)Cl,6.301029996
OCCOCCOc1ccc(c(n1)C(=O)NCC1CCC1)NC(=O)c1ccc(c2c1cccc2)CS(=O)C,6.301029996
Clc1ccc(cc1)c1cc2[C@H](NC(=O)c3[nH]nc4c3CCC4)CC(Oc2nc1c1ccc(cc1Cl)Cl)(C)C,6.27572413
OCC(C(=O)NC1CC(C)(C)Oc2c1cc(c1ccc(cc1)Cl)c(n2)c1ccc(cc1Cl)Cl)(C)C,6.244125144
N#Cc1cccc(c1)[C@@H]([C@@H](NS(=O)(=O)c1cc(Cl)c(cc1Cl)Cl)C)Cc1ccc(cc1)Cl,6.206209615
C/C=C/C=C/C=C/CC/C=C/C=C/C(=O)NCC(C)C,6.177831921
Clc1ccc(cc1)C[C@H]([C@@H](NC(=O)C(Oc1ccc(cc1)Cl)(C)C)C)c1ccccc1,6.113509275
OCNC(=O)C1CC(C)(C)N(c2c1cc(c1ccc(cc1)Cl)c(n2)c1ccc(cc1Cl)Cl)C,6.096367484
N#Cc1cccc(c1)[C@@H]([C@@H](NC(=O)c1c(Cl)cccc1Cl)C)Cc1ccc(cc1)Cl,6.024568191
N#Cc1cccc(c1)[C@@H]([C@@H](NS(=O)(=O)c1cc(Cl)cc(c1)Cl)C)Cc1ccc(cc1)Cl,6.0009565
N#Cc1cccc(c1)[C@@H]([C@@H](NS(=O)(=O)c1cc(F)cc(c1)F)C)Cc1ccc(cc1)Cl,5.966978555
N#Cc1cccc(c1)[C@@H]([C@@H](NS(=O)(=O)/C=C/c1ccccc1)C)Cc1ccc(cc1)Cl,5.967784297
C[C@H](NC(=O)C1CC(C)(C)N(c2c1cc(c1ccc(cc1)Cl)c(n2)c1ccc(cc1Cl)Cl)C)O,5.89279003
O=C(N1CC[C@]([C@@H]2[C@@H]1CCCC2)(O)c1ccccc1)c1[nH]nc(c1)c1ccccc1F,5.890759031
CC(=O)Nc1c2cc(c3ccc(cc3)Cl)c(nc2[nH]c(=O)c1C(=O)C)c1ccc(cc1Cl)Cl,5.853871964
Clc1ccc(cc1)c1cc2[C@H](NC(=O)c3[nH]nc(c3C)C)CC(Oc2nc1c1ccc(cc1Cl)Cl)(C)C,5.853871964
Clc1ccc(cc1)c1cc2[C@H](NC(=O)c3cn[nH]c3C)CC(Oc2nc1c1ccc(cc1Cl)Cl)(C)C,5.853871964
O=C(C(C(F)(F)F)O)NC1CC(C)(C)Oc2c1cc(c1ccc(cc1)Cl)c(n2)c1ccc(cc1C)Cl,5.853871964
Clc1ccc(cc1)c1cc2[C@H](NC(=O)c3[nH]nc(c3)C)CC(Oc2nc1c1ccc(cc1Cl)Cl)(C)C,5.823908741
N#Cc1cccc(c1)[C@@H]([C@@H](NS(=O)(=O)c1cc(cc(c1)C(F)(F)F)C(F)(F)F)C)Cc1ccc(cc1)Cl,5.755722879
N#Cc1cccc(c1)[C@@H]([C@@H](NS(=O)(=O)Cc1ccc(cc1)Cl)C)Cc1ccc(cc1)Cl,5.755228239
Clc1ccc(cc1)c1cc2C(NC(=O)[C@@H](O)C)CC3(Oc2nc1c1ccccc1Cl)CCCCC3,5.744727495
N#Cc1cccc(c1)[C@@H]([C@@H](NS(=O)(=O)Cc1ccccc1Cl)C)Cc1ccc(cc1)Cl,5.717151397
N#Cc1cccc(c1)[C@@H]([C@@H](NS(=O)(=O)Cc1cccc(c1)Cl)C)Cc1ccc(cc1)Cl,5.698970004
Clc1ccc(cc1)c1cc2[C@H](NC(=O)c3[nH]ncc3C)CC(Oc2nc1c1ccc(cc1Cl)Cl)(C)C,5.657577319
Clc1ccc(cc1)c1cc2c(nc1c1ccc(cc1Cl)Cl)OC(CC2C(=O)N)(C)C,5.605548319
OCCC(=O)NC1CC(C)(C)Oc2c1cc(c1ccc(cc1)Cl)c(n2)c1ccc(cc1Cl)Cl,5.609064893
CS(=O)Cc1ccc(c2c1cccc2)C(=O)Nc1cccnc1C(=O)NCC1CCOCC1,5.602059991
Clc1ccc(cc1)c1cc2C(NC(=O)C(O)(C)C)CC3(Oc2nc1c1ccccc1Cl)CCCCC3,5.494850022
Clc1ccc(cc1)c1cc2C(NC(=O)[C@H](O)C)CC3(Oc2nc1c1ccccc1Cl)CCCCC3,5.443697499
CCCCCOc1c(OC)ccc2c1[nH]c(=O)c(c2)C(=O)NCc1ccc(c(c1)O)O,5.400007822
CCc1c(c2ccc(cc2)Cl)n(nc1C1=NC(=S)C(N1C)(C)C)c1ccc(cc1Cl)Cl,5.323672266
O=C([C@H](O)C)NC1CC(C)(C)Oc2c1cc(c1ccc(cc1)Cl)c(n2)c1ccc(cc1Cl)Cl,5.32330639
OCC(=O)NC1CC(C)(C)Oc2c1cc(c1ccc(cc1)Cl)c(n2)c1ccc(cc1Cl)Cl,5.320572103
COc1ccc(c(c1)O)c1n[nH]c(c1c1ccc(cc1)Cl)C,5.301029996
NC(=O)CN=C(N1CC(C(=N1)c1ccc(cc1)Cl)c1ccccc1)NS(=O)(=O)c1ccc(cc1)O,5.301029996
NC(=O)CN=C(N1N=C(C(C1)c1ccccc1)c1ccc(cc1)Cl)NS(=O)(=O)c1ccc(cc1)Cl,5.301029996
OCC(NC(=O)C1CC(C)(C)Oc2c1cc(c1ccc(cc1)Cl)c(n2)c1ccc(cc1Cl)Cl)(C)C,5.288192771
Clc1ccc(cc1)c1cc2[C@H](NC(=O)c3nnc([nH]3)C)CC(Oc2nc1c1ccc(cc1Cl)Cl)(C)C,5.283996656
N#Cc1cccc(c1)[C@@H]([C@@H](NC(=O)C(Nc1[nH]nc(c1)C)(C)C)C)Cc1ccc(cc1)Cl,5.213745604
Clc1ccc(cc1)c1cc2c(nc1c1ccccc1Cl)nc([nH]c2=O)C(C)C,5.13667714
Clc1ccc(cc1)c1cc2c(nc1c1ccccc1Cl)nc([nH]c2=O)C(C)(C)C,5.065501549
CC/C=C\C/C=C\C/C=C\CC1OC1C/C=C\C/C=C\CCC(=O)NC(CO)C,10.09691001
NC(=O)CC1(NC(=O)c2ccc(c(n2)Cc2ccc(cc2)F)C2CC2)CS(=O)(=O)C1,10
CN(C(C(=O)Nc1onc(c1)C(C#N)(C)C)(C)C)C1CCN(CC1)S(=O)(=O)C,9.638272164
COCC(c1noc(c1)NC(=O)C(N(CC1CCOCC1)C)(C)C)(C)C,9.568636236
CCCCC(NC(=O)c1ccc(c(n1)OCC1CC1)C1CC1)CC(=O)N,9.522878745
NC(=O)CC1(COCC1)NC(=O)c1ccc(c(n1)Oc1ccc(cc1)F)C1CC1,9.522878745
CN(C(C(=O)Nc1onc(c1)C(C#N)(C)C)(C)C)CC1CCOCC1,9.443697499
CC(Cn1c(O)cn(c1=O)Cc1ccc(cc1)c1ccc(c(n1)CN1CCCC(C1)F)F)C,9.400116928
C[C@@H](C(F)(F)F)Oc1nc(N2CCC(C2)(F)F)c2c(n1)n(nn2)Cc1ccccc1C(F)(F)F,9.397940009
CC(Cn1c(O)cn(c1=O)Cc1ccc(cc1)c1cccc(n1)CN1CCCC(C1)F)C,9.400116928
CNC(=O)C(C(C)(C)C)NC(=O)c1ncc(c(c1)OCC(F)(F)F)C1CC1,9.397940009
CC/C=C\C/C=C\C/C=C\CC1OC1C/C=C\C/C=C\CCC(=O)NC1CC1,9.337242168
O[C@H]1CCN(C1)c1nc(nc2c1cnn2Cc1nonc1C)C(C)(C)C,9.397940009
CC(c1nc(N2CCC(C2)(F)F)c2c(n1)n(nn2)Cc1ccccc1Cl)C,9.301029996
Clc1ncccc1Cn1cnc2c1nc(nc2N1CCC(C1)(F)F)C(C)(C)C,9.301029996
Cc1nonc1Cn1ncc2c1nc(nc2N1CCC(C1)(F)F)C(C)(C)C,9.301029996
O=C(Nc1cnc2c(c1)cc(cc2)Cl)CCc1onc(n1)c1ccc(cc1Cl)F,9.301029996
CC(Cn1c(O)cn(c1=O)Cc1ccc(cc1)c1ccc(c(n1)CN1CCCC(C1)(F)F)F)C,9.300162274
CCC1(CC)COC(=N1)c1ncc(c(c1)OCC1CC1)C1CC1,9.22184875
Clc1ccccc1Cn1cnc2c1nc(nc2N1CCC(C1)(F)F)C(C)(C)C,9.22184875
NC(=O)C[C@@H](C(C)(C)C)NC(=O)c1ccc(c(n1)OCC1CC1)C1CC1,9.22184875
NC(=O)CC1(CCC1)NC(=O)c1ccc(c(n1)OCC1CC1)N1CC(C1)(F)F,9.22184875
FC1(F)CCN(C1)c1nc(nc2c1cnn2Cc1nnnn1C1CC1)C(C)(C)C,9.22184875
Cc1onc(n1)C(C1CC1)(NC(=O)c1ncc(c(c1)OCC(F)(F)F)C1(F)COC1)C,9.22184875
OCC(c1noc(c1)NC(=O)C(N(CC1CCOCC1)C)(C)C)(C)C,9.167491087
CCSc1nc(N2CCC(C2)(F)F)c2c(n1)n(nn2)Cc1ccccc1Cl,9.15490196
FC1(F)CCN(C1)c1nc(nc2c1ncn2Cc1ccccc1C(F)(F)F)C(C)(C)C,9.15490196
NC(=O)CC1(NC(=O)c2ccc(c(n2)OCC2CC2)C2CC2)CS(=O)(=O)C1,9.15490196
FC1(F)CCN(C1)c1nc(nc2c1cnn2Cc1ccccc1S(=O)(=O)C)C(C)(C)C,9.15490196
CC(c1onc(n1)c1ncc(c(c1)OCC1CC1)C1CC1)(C)C,9.096910013
CCCn1c(O)cn(c1=O)Cc1ccc(cc1)c1ccc(c(n1)CN1CCCCC1)F,9.100179498
Clc1ccccc1Cn1nnc2c1nc(OCC(C)(C)C)nc2N1CCC(C1)(F)F,9.096910013
O[C@H]1CCN(C1)c1nc(OCC(F)(F)F)nc2c1nnn2Cc1ccccc1Cl,9.096910013
OCC(c1noc(c1)NC(=O)C(N(C1CCN(CC1)S(=O)(=O)C)C)(C)C)(C)C,9.070581074
Clc1ccccc1Cn1nnc2c1nc(nc2N1CCC(C1)(F)F)SC(C)(C)C,9.045757491
CCCOc1nc(N2CCC(C2)(F)F)c2c(n1)n(nn2)Cc1ccccc1Cl,9.045757491
Clc1ccccc1Cn1nnc2c1nc(nc2N1CCC(C1)(F)F)NC(C)(C)C,9.045757491
Cn1nnnc1Cn1ncc2c1nc(nc2N1CCC(C1)(F)F)C(C)(C)C,9.045757491
CC(c1noc(n1)c1ncc(c(c1)OC1CCOCC1)C1CC1)(C)C,9
Cc1nonc1Cn1nnc2c1nc(nc2N1CCC(C1)(F)F)C1CC1,9
Cc1nonc1Cn1nnc2c1nc(nc2N1CCC(C1)(F)F)NC(C)(C)C,9
Clc1ccccc1Cn1nnc2c1nc(nc2N1CCC(C1)(F)F)C1CC1,9
Clc1ccccc1Cn1nnc2c1nc(nc2N1CCC(C1)(F)F)C1CCC1,9
NC(=O)CC1(NC(=O)c2ccc(c(n2)OCC2CC2)N2CC(C2)(F)F)CS(=O)(=O)C1,9
CC(c1noc(n1)c1ncc(c(c1)OCC1CC1)C1CC1)(C)C,9
OC1CCN(C1)c1nc(nc2c1ncn2Cc1ccccc1C(F)(F)F)C(C)(C)C,9
COC(=O)CC1(CCC1)NC(=O)c1ccc(c(n1)OCC1CC1)N1CC(C1)(F)F,8.958607315
FC1(F)CCN(C1)c1nc(nc2c1nnn2Cc1ccccc1S(=O)(=O)C)NC(C)(C)C,8.958607315
NC(=O)CC1(CSC1)NC(=O)c1ccc(c(n1)OCC1CC1)C1(O)CCC1,8.958607315
O[C@H]1CCN(C1)c1nc(nc2c1ncn2Cc1ccccc1C(F)(F)F)C(C)(C)C,8.958607315
FC1(F)CCN(C1)c1nc(nc2c1cnn2Cc1ccccc1C(F)(F)F)C(C)(C)C,8.958607315
C1CC1COc1cc(ncc1C1CC1)c1onc(n1)C1CC1,8.920818754
CC(COc1nc(N2CCC(C2)(F)F)c2c(n1)n(nn2)Cc1ccccc1Cl)C,8.920818754
CC(Oc1nc(N2CCC(C2)(F)F)c2c(n1)n(nn2)Cc1ccccc1Cl)C,8.920818754
CCCCOc1nc(N2CCC(C2)(F)F)c2c(n1)n(nn2)Cc1ccccc1Cl,8.920818754
NC(=O)CC1(CSC1)NC(=O)c1ccc(c(n1)OCC1CC1)C1(F)COC1,8.920818754
CCCn1c(O)cn(c1=O)Cc1ccc(cc1)c1cccc(n1)CN1CCCCC1,8.899629455
Cc1nonc1Cn1nnc2c1nc(nc2c1ccnn1C)C(C)(C)C,8.886056648
NC(=O)CC1(CC[NH2+]CC1)NC(=O)c1ccc(c(n1)Cc1ccc(cc1)F)C1CC1,8.886056648
FC1(F)CCN(C1)c1nc(nc2c1cnn2C1COCC1)C(C)(C)C,8.886056648
Cn1nncc1Cn1ncc2c1nc(nc2N1CCC(C1)(F)F)C(C)(C)C,8.853871964
Fc1ccc(cc1)COc1cc(ncc1C1CC1)c1noc(n1)C(C)(C)C,8.853871964
NC(=O)CC1(COC1)NC(=O)c1ccc(c(n1)OCC1CC1)C1CC1,8.853871964
COC[C@H]1CCCN1c1nc(nc2c1cnn2Cc1nonc1C)C(C)(C)C,8.853871964
NC(=O)CC(C1CC1)NC(=O)c1ccc(c(n1)OCC1CC1)C1CC1,8.853871964
O=C(N1CC(CC1C(=O)N)(C)C)c1cnc(c(n1)OCC1CC1)N1CC(C1)(F)F,8.853871964
NC(=O)C[C@@H](C(C)C)NC(=O)c1ccc(c(n1)OCC1CC1)C1CC1,8.823908741
NC(=O)CC1(COCC1)NC(=O)c1ccc(c(n1)OCC1CC1)N1CC(C1)(F)F,8.823908741
FCCOc1cc(ncc1C1CC1)C(=O)NC(C1CC1)(CC(=O)N)C,8.823908741
NC(=O)CC(C1CCCCC1)NC(=O)c1ccc(c(n1)OCC1CC1)C1CC1,8.823908741
O[C@H]1CCN(C1)c1nc(nc2c1cnn2Cc1ncccc1Cl)C(C)(C)C,8.823908741
NC(=O)C(C(C)(C)C)NC(=O)c1ncc(c(c1)O[C@H](C(F)(F)F)C)C1CC1,8.823908741
CCn1c(O)cn(c1=O)Cc1ccc(cc1)c1ccc(c(n1)CN1CCCCC1)F,8.801342913
Clc1ccccc1Cn1nnc2c1nc(nc2N1CCC(C1)(F)F)N1CCC1,8.795880017
Clc1ncccc1Cn1ncc2c1nc(nc2N1CCC(C1)(F)F)C(C)(C)C,8.795880017
FC1=CCN(C1)c1nc(nc2c1cnn2Cc1cnnn1C)C(C)(C)C,8.795880017
CC(c1cnc(o1)c1ncc(c(c1)OCC1CC1)C1CC1)(C)C,8.769551079
NC(=O)C1CC(CN1C(=O)c1cnc(c(n1)OCC1CC1)C1CC1)(C)C,8.795880017
Cc1nonc1Cn1nnc2c1nc(OCC(C)(C)C)nc2N1CCC(C1)(F)F,8.769551079
Clc1ccccc1Cn1nnc2c1nc(nc2N1CCC(C1)(F)F)S(=O)(=O)C(C)C,8.769551079
Clc1ccccc1Cn1nnc2c1nc(OC1CCC1)nc2N1CCC(C1)(F)F,8.769551079
O[C@H]1CCN(C1)c1nc(nc2c1ncn2Cc1cccnc1Cl)C(C)(C)C,8.769551079
C[C@@H](C(F)(F)F)Oc1nc(N2CCC(C2)(F)F)c2c(n1)n(nn2)Cc1nonc1C,8.744727495
NC(=O)CC1(CSC1)NC(=O)c1ccc(c(n1)OCC1CC1)C1CC1,8.744727495
O[C@H]1CCN(C1)c1nc(nc2c1ncn2Cc1ccccc1Cl)C(C)(C)C,8.744727495
Clc1ccccc1Cn1nnc2c1nc(SCC(F)(F)F)nc2N1CCC(C1)(F)F,8.721246399
NC(=O)[C@H]1CCCC[C@@H]1NC(=O)c1ccc(c(n1)OCC1CC1)C1CC1,8.721246399
Cc1nonc1Cn1ncc2c1nc(cc2N1CCC(C1)(F)F)C1CC1,8.721246399
CNC(=O)C(C(O)(C)C)NC(=O)c1ncc(c(c1)O[C@H](C(F)(F)F)C)C1CC1,8.721246399
O[C@H]1CCN(C1)c1nc(nc2c1cnn2Cc1ccccc1C(F)(F)F)C(C)(C)C,8.721246399
CC(Cn1c(O)cn(c1=O)Cc1ccc(cc1)c1cccc(n1)CN1CCCC(C1)(F)F)C,8.698970004
FC(COc1cc(ncc1C1CC1)c1noc(n1)C(C)(C)C)F,8.698970004
FC(COc1cc(ncc1C1CC1)c1onc(n1)C(C)(C)C)F,8.698970004
NC(=O)CC1(COCC1)NC(=O)c1ccc(c(n1)OCC1CC1)C1CC1,8.698970004
Fc1ccc(nc1CN1CCCCC1)c1ccc(cc1)Cn1cc(n(c1=O)CC1CC1)O,8.698970004
C1CCC(C1)c1noc(n1)c1ncc(c(c1)OCC1CC1)C1CC1,8.677780705
FC1(F)CCN(C1)c1cc(ncc1C1CC1)c1noc(n1)C(C)(C)C,8.677780705
C[C@H](C(F)(F)F)Oc1nc(N2CCC(C2)(F)F)c2c(n1)n(nn2)Cc1ccccc1Cl,8.677780705
FC1(F)CCN(C1)c1nc(nc2c1nnn2Cc1ccccc1C(F)(F)F)NC(C)(C)C,8.677780705
O[C@H]1CCN(C1)c1nc(nc2c1ncn2Cc1cccc(c1)Cl)C(C)(C)C,8.677780705
Clc1cccnc1Cn1cnc2c1nc(nc2N1CCC(C1)(F)F)C(C)(C)C,8.657577319
CN(C(C)(C)C)c1nc(N2CCC(C2)(F)F)c2c(n1)n(nn2)Cc1ccccc1Cl,8.657577319
FC(COc1cc(ncc1C1CC1)c1onc(n1)C(C)(C)C)(F)F,8.657577319
NC(=O)CC1(NC(=O)c2ccc(c(n2)OCC2CC2)C2(O)CCC2)CS(=O)(=O)C1,8.657577319
CC(c1noc(n1)c1ncc(c(c1)OCC(F)(F)F)C1CC1)C,8.638272164
NC(=O)CC(C1CCOCC1)NC(=O)c1ccc(c(n1)OCC1CC1)C1CC1,8.657577319
CC(Sc1nc(N2CCC(C2)(F)F)c2c(n1)n(nn2)Cc1ccccc1Cl)C,8.638272164
O[C@H]1CCN(C1)c1nc(nc2c1nnn2Cc1ccccc1Cl)NC(C)(C)C,8.638272164
NC(=O)CC1(NC(=O)c2ccc(c(n2)OCC2CCCO2)C2CC2)CS(=O)(=O)C1,8.619788758
O[C@H]1CCN(C1)c1nc(nc2c1cnn2Cc1ccccc1S(=O)(=O)C)C(C)(C)C,8.619788758
CC(CSc1nc(N2CCC(C2)(F)F)c2c(n1)n(nn2)Cc1ccccc1Cl)C,8.602059991
NC(=O)CC1(CCSCC1)NC(=O)c1ccc(c(n1)OCC1CC1)N1CC(C1)(F)F,8.602059991
CC(Cn1c(O)cn(c1=O)Cc1ccc(cc1)c1ccc(c(n1)CN1CCCCC1)F)C,8.600326279
CC(Cn1c(O)cn(c1=O)Cc1ccc(cc1)c1ccc(c(n1)CN1CCCC(C1)C)F)C,8.600326279
CC(Cn1c(O)cn(c1=O)Cc1ccc(cc1)c1cccc(n1)CN1CCCCC1)C,8.600326279
CC(Cn1c(O)cn(c1=O)Cc1ccc(cc1)c1ccc(c(n1)CN1CCS(=O)(=O)CC1)F)C,8.600326279
FC(Cn1c(O)cn(c1=O)Cc1ccc(cc1)c1ccc(c(n1)CN1CCCCC1)F)F,8.600326279
CCC1(CC)COC(=N1)c1ncc(c(c1)OCC(F)(F)F)N1CC(C1)(F)F,8.585026652
CC(COc1nc(N2CCC(C2)(F)F)c2c(n1)n(cn2)Cc1ccccc1C(F)(F)F)(C)C,8.585026652
Fc1ccc(nc1CN1CCCCC1)c1ccc(cc1)Cn1cc(n(c1=O)CC1CCC1)O,8.600326279
Clc1ccccc1Cn1nnc2c1nc(NC1CCC1)nc2N1CCC(C1)(F)F,8.585026652
NC(=O)CC1(CCOCC1)NC(=O)c1ccc(c(n1)OCC1CC1)N1CC(C1)(F)F,8.585026652
Clc1ccccc1Cn1cnc2c1nc(OCC(C)(C)C)nc2N1CCC(C1)(F)F,8.568636236
Fc1ccc(cn1)c1nc(nc2c1nnn2Cc1ccccc1Cl)C(C)(C)C,8.568636236
CC(CS(=O)(=O)c1nc(N2CCC(C2)(F)F)c2c(n1)n(nn2)Cc1ccccc1Cl)C,8.552841969
Clc1ccccc1Cn1nnc2c1nc(OCC1(C)COC1)nc2N1CCC(C1)(F)F,8.552841969
Clc1ccccc1Cn1nnc2c1nc(nc2N1CCC(C1)(F)F)N1CCCC1,8.537602002
CC(C[C@H](NC(=O)c1ccc(c(n1)OCC1CC1)C1CC1)CC(=O)N)C,8.522878745
Cn1nccc1c1nc(nc2c1nnn2Cc1ccccc1S(=O)(=O)C)C(C)(C)C,8.522878745
O=C(c1ccc(c(n1)OCC1CC1)N1CC(C1)(F)F)NC(C(F)(F)F)CC(=O)N,8.522878745
OC(=O)CC1(CCOCC1)NC(=O)c1ccc(c(n1)OCC1CC1)N1CC(C1)(F)F,8.522878745
Cn1c(C)nnc1Cn1ncc2c1nc(nc2N1CCC(C1)(F)F)C(C)(C)C,8.522878745
OC(=O)CC1(NC(=O)c2ccc(c(n2)OCC2CC2)N2CC(C2)(F)F)CS(=O)(=O)C1,8.522878745
OCC(NC(=O)c1nn(c2c1C[C@H]1[C@@H]2C1)c1ccc(cc1F)F)(C)C,8.522878745
Clc1ccccc1Cn1nnc2c1nc(NCC(C)(C)C)nc2N1CCC(C1)(F)F,8.508638306
FC1(F)CCN(C1)c1nc(nc2c1ncn2C1COCC1)C(C)(C)C,8.508638306
Fc1ccc(c(c1)Cl)Cn1cnc2c1nc(nc2N1CCC(C1)(F)F)C(C)(C)C,8.508638306
COCC(c1noc(c1)NC(=O)C(S(=O)(=O)C1CCOCC1)(C)C)(C)C,8.508638306
Oc1cn(c(=O)n1CC(F)(F)F)Cc1ccc(cc1)c1cccc(n1)CN1CCCCC1,8.500312917
Oc1cn(c(=O)n1CC1CC1)Cc1ccc(cc1)c1cccc(n1)CN1CCCCC1,8.500312917
C[C@@H](C(F)(F)F)Oc1nc(N2CCC(C2)(F)F)c2c(n1)n(nn2)Cc1ccccc1S(=O)(=O)C,8.494850022
CC([C@H](CC(=O)N)NC(=O)c1ccc(c(n1)OCC1CC1)N1CC(C1)(F)F)C,8.494850022
CN(C(C)(C)C)C(=O)c1cnc(c(n1)OCC1CC1)N1CC(C1)(F)F,8.494850022
C[C@@H](C(F)(F)F)Oc1nc(N2CCC(C2)(F)F)c2c(n1)n(nn2)Cc1ccccc1Cl,8.48148606
FC1(F)CCN(C1)c1nc(nc2c1ncn2Cc1ccccc1S(=O)(=O)C)C(C)(C)C,8.48148606
FC1(F)CCN(C1)c1nc(nc2c1cnn2Cc1ccccc1)C(C)(C)C,8.48148606
Clc1cccnc1Cn1nnc2c1nc(nc2N1CCC(C1)(F)F)NC(C)(C)C,8.468521083
OC1CCN(C1)c1nc(nc2c1ncn2Cc1cccnc1Cl)C(C)(C)C,8.468521083
OC1CCN(C1)c1nc(nc2c1ncn2Cc1ncccc1Cl)C(C)(C)C,8.468521083
O=C(c1ccncc1)Cn1ncc2c1nc(nc2N1CCC(C1)(F)F)C(C)(C)C,8.468521083
CCC1(CC)COC(=N1)c1ncc(c(c1)OCC(F)(F)F)C1CC1,8.455931956
Clc1ccccc1Cn1nnc2c1nc(nc2N1CCC(C1)(F)F)N1CCOCC1,8.455931956
O=C(c1ccccc1Cl)Cn1cnc2c1nc(nc2N1CCC(C1)(F)F)C(C)(C)C,8.455931956
Clc1ccccc1Cn1nnc2c1nc(OCC1CC1)nc2N1CCC(C1)(F)F,8.443697499
O[C@H]1CCN(C1)c1nc(nc2c1nnn2Cc1ccccc1Cl)C(=C)C,8.443697499
CC([C@H]1COC(=N1)c1ncc(c(c1)OCC1CC1)C1CC1)(C)C,8.431798276
CC(c1onc(n1)c1ncc(c(c1)OCC1CC1)C1CC1)C,8.431798276
Clc1nc(cc(c1C1CC1)OC1CCOCC1)c1noc(n1)C(C)(C)C,8.431798276
OC1CCN(C1)c1nc(nc2c1ncn2Cc1ccc(cc1Cl)F)C(C)(C)C,8.431798276
CC(COc1nc(N2CCC(C2)(F)F)c2c(n1)n(nn2)Cc1ccccc1S(=O)(=O)C)(C)C,8.408935393
Oc1cn(c(=O)n1C1CCC1)Cc1ccc(cc1)c1cccc(n1)CN1CCCCC1,8.400116928
CCOc1nc(N2CCC(C2)(F)F)c2c(n1)n(nn2)Cc1ccccc1Cl,8.397940009
Clc1ccccc1Cn1nnc2c1nc(nc2C1=CCCC1)C(C)(C)C,8.397940009
COCCN(C(C)(C)C)C(=O)c1cnc(c(n1)OCC1CC1)N1CC(C1)(F)F,8.397940009
C1CCC2(CC1)COC(=N2)c1ncc(c(c1)OCC1CC1)C1CC1,8.37675071
Clc1ccccc1Cn1ncc2c1nc(nc2N1CCC(C1)(F)F)C(C)(C)C,8.37675071
CCOC(=O)CC(c1ccccc1)NC(=O)c1ccc(c(n1)OCC1CC1)N1CC(C1)(F)F,8.37675071
C[C@@H](C(F)(F)F)Oc1nc(N2CCC(C2)(F)F)c2c(n1)n(nn2)CCC(F)(F)F,8.366531544
CC(C[C@@H](NC(=O)c1ccc(c(n1)OCC1CC1)C1CC1)CC(=O)N)C,8.366531544
CC1(CC1)c1onc(n1)c1ncc(c(c1)OCC1CC1)C1CC1,8.366531544
CC(c1onc(n1)c1ncc(c(c1)OC1CCOCC1)C1CC1)(C)C,8.366531544
O=C(N1CCCC1(C)C)c1cnc(c(n1)OCC1CC1)N1CC(C1)(F)F,8.366531544
O=C(N1CCOCC1(C)C)c1cnc(c(n1)OCC1CC1)N1CC(C1)(F)F,8.366531544
OC[C@H]1CCCN1c1nc(nc2c1ncn2Cc1ncccc1Cl)C(C)(C)C,8.366531544
CN(C(C(=O)Nc1nnc(s1)C(C#N)(C)C)(C)C)C1CCN(CC1)S(=O)(=O)C,8.366531544
FC1(F)CCN(C1)c1nc(nc2c1ncn2CCc1cccnc1)C(C)(C)C,8.356547324
CC(c1nc(c2c(n1)n(nn2)Cc1ccccc1)C1(O)CCC1)(C)C,8.346787486
CCCCn1cc(c2c1cccc2)C(=O)c1ccccc1OC,8.346787486
CCNc1nc(N2CCC(C2)(F)F)c2c(n1)n(nn2)Cc1ccccc1Cl,8.346787486
FC1(F)CN(CC1(F)F)c1cc(ncc1C1CC1)c1noc(n1)C(C)(C)C,8.327902142
Fc1ccc(cc1)COc1cc(nc(c1C1CC1)Cl)c1noc(n1)C(C)(C)C,8.318758763
COc1ccc(cc1)Cn1ncc2c1nc(nc2N1CCC(C1)(F)F)C(C)(C)C,8.318758763
C[C@@H]1CCCN1C(=O)c1cnc(c(n1)OCC1CC1)N1CC(C1)(F)F,8.30980392
NC(=O)[C@@H]1CCCC[C@@H]1NC(=O)c1ccc(c(n1)OCC1CC1)C1CC1,8.30980392
NC(=O)C[C@H](C(C)C)NC(=O)c1ccc(c(n1)OCC1CC1)C1CC1,8.301029996
NC(=O)CC1(CCN(CC1)C(=O)C)NC(=O)c1ccc(c(n1)Cc1ccc(cc1)F)C1CC1,8.301029996
Clc1cccc(c1)Nc1ncc(c2c1ccn2C)C(=O)N1CCOCC1,8.301029996
OC[C@H]1CCCN1c1nc(nc2c1cnn2Cc1ccccc1C(F)(F)F)C(C)(C)C,8.301029996
C[C@@H](C(F)(F)F)Oc1nc(N2CCC(C2)(F)F)c2c(n1)n(nn2)Cc1ncccc1Cl,8.292429824
COCCS(=O)(=O)c1nc(N2CCC(C2)(F)F)c2c(n1)n(nn2)Cc1ccccc1Cl,8.292429824
O[C@H]1CCN(C1)c1nc(nc2c1cnn2Cc1ccccc1Cl)C(C)(C)C,8.292429824
NC(=O)CC(C1COCC1)NC(=O)c1ccc(c(n1)OCC1CC1)C1CC1,8.283996656
FCCOc1nc(N2CCC(C2)(F)F)c2c(n1)n(nn2)Cc1ccccc1Cl,8.27572413
FC1(F)CCN(C1)c1nc(nc2c1ncn2CCc1ccccc1)C(C)(C)C,8.26760624
OCC(c1nnc(s1)NC(=O)C(N(CC1CCOCC1)C)(C)C)(C)C,8.26760624
FC1(F)CCN(C1)c1nc(nc2c1cnn2CCc1ccccc1)C(C)(C)C,8.26760624
Clc1ccccc1Cn1nnc2c1nc(OCC(F)(F)C)nc2N1CCC(C1)(F)F,8.259637311
COc1ccc(cc1)Cn1ncc2c1nc(nc2N1CC[C@@H](C1)O)C(C)(C)C,8.259637311
NC(=O)CC1(COC1)NC(=O)c1ccc(c(n1)OCC1CC1)N1CC(C1)(F)F,8.247951552
Clc1cnc(cc1OCC(F)(F)F)c1noc(n1)C(C)(C)C,8.244125144
O=C(N1CC(C[C@H]1C(=O)N)(F)F)c1cnc(c(n1)OCC1CC1)N1CC(C1)(F)F,8.244125144
OC1CCN(C1)c1nc(nc2c1ncn2Cc1ccccc1Cl)C(C)(C)C,8.244125144
CCCCCN1C(=O)C(=NNC(=O)c2ccccc2)c2c1cc(OC)cc2,8.236572006
Fc1ccc(c(c1)Cl)Cn1ncc2c1nc(nc2N1CCC(C1)(F)F)C(C)(C)C,8.229147988
Cc1nonc1Cn1cnc2c1nc(nc2N1CCC(C1)(F)F)C(C)(C)C,8.22184875
Clc1ccccc1Cn1nnc2c1nc(OCC(F)(F)F)nc2N1CCC(C1)(F)F,8.214670165
OC[C@H]1CCCN1c1nc(nc2c1ncn2Cc1nonc1C)C(C)(C)C,8.214670165
Fc1ccc(cc1)Oc1cc(ncc1C1CC1)c1noc(n1)C(C)(C)C,8.207608311
CCOc1ccc(cc1)Cc1nc2c(n1CC1CCCCC1)cc(c(c2)S(=O)CC)Cl,8.200659451
COc1ccc(cc1)Cn1nnc2c1nc(nc2N1CCC(C1)(F)F)C1CC1,8.193820026
FC1(F)CCN(C1)c1nc(nc2c1ncn2Cc1ccccc1C(F)(F)F)NC(C)(C)C,8.173925197
CCOC(=O)CN(C(C)(C)C)C(=O)c1cnc(c(n1)OCC1CC1)N1CC(C1)(F)F,8.167491087
CCCCCn1cc(c2c1cccc2)C(=O)c1ccccc1OC,8.161150909
CCCCSc1nc(N2CCC(C2)(F)F)c2c(n1)n(nn2)Cc1ccccc1Cl,8.161150909
N#C[C@H]1CCCN1c1nc(nc2c1ncn2Cc1ncccc1Cl)C(C)(C)C,8.161150909
FC(COc1cc(ncc1N1CC(C1)(F)F)c1noc(n1)C(C)(C)C)(F)F,8.161150909
C[C@]1(O)CCN(C1)c1nc(nc2c1nnn2Cc1ccccc1C(F)(F)F)N1CCOCC1,8.142667504
Fc1ccc(c(c1)F)n1nc(c2c1[C@H]1C[C@H]1C2)C(=O)NC(C)(C)C,8.142667504
O[C@H]1CCN(C1)c1nc(nc2c1ncn2Cc1ccccc1C(F)(F)F)NC(C)(C)C,8.142667504
OCCCNC(=O)CC/C=C\C/C=C\CC1OC1C/C=C\C/C=C\C/C=C\CC,8.13667714
OCCSc1nc(N2CCC(C2)(F)F)c2c(n1)n(nn2)Cc1ccccc1Cl,8.13076828
Cn1nnnc1Cn1nnc2c1nc(nc2N1CCC(C1)(F)F)NC(C)(C)C,8.124938737
O[C@H]1CCN(C1)c1nc(OCC(F)(F)F)nc2c1nnn2Cc1ccccc1C(F)(F)F,8.124938737
CC1(COC1)COc1cc(ncc1C1CC1)c1noc(n1)C(C)(C)C,8.113509275
Clc1cccnc1Cn1cnc2c1nc(nc2N1CCC(C1)(F)F)NC(C)(C)C,8.102372909
O[C@H]1CCN(C1)c1nc(nc2c1ncn2Cc1ccccc1S(=O)(=O)C)C(C)(C)C,8.102372909
CC(Cn1c(O)cn(c1=O)Cc1ccc(cc1)c1ccc(c(n1)CN1CCOCC1)F)C,8.100179498
O=C(C(S(=O)(=O)c1ccc(cc1)C(F)(F)F)(C)C)Nc1cnc2c(c1)cccc2,8.096910013
N#CC(c1noc(c1)NC(=O)C(S(=O)(=O)C1CCOCC1)(C)C)(C)C,8.096910013
Clc1ccccc1Cn1cnc2c1nc(nc2N1CCC(C1)(F)F)NC(C)(C)C,8.091514981
CN(c1nc(N2CCC(C2)(F)F)c2c(n1)n(nn2)Cc1ccccc1Cl)C1CCC1,8.091514981
NC(=O)CC(C1COCC1)NC(=O)c1ccc(c(n1)OCC1CC1)N1CC(C1)(F)F,8.080921908
O[C@H]1CCN(C1)c1nc(nc2c1ncn2Cc1ncccc1Cl)C(C)(C)C,8.075720714
O=C(c1ccccn1)Cn1ncc2c1nc(nc2N1CCC(C1)(F)F)C(C)(C)C,8.075720714
CC(C(F)(F)F)Oc1nc(N2CCC(C2)(F)F)c2c(n1)n(nn2)Cc1ccccc1Cl,8.070581074
FC1(F)CN(C1)c1cnc(cc1OCC1CC1)c1noc(n1)C(C)(C)C,8.065501549
CC(=O)OC1(C)CCN(C1)C(=O)c1cnc(c(n1)OCC1CC1)N1CC(C1)(F)F,8.055517328
NC(=O)CC1(COC1)NC(=O)c1ccc(c(n1)OCC1CC1)C1(O)CCC1,8.055517328
CCCCS(=O)(=O)c1nc(N2CCC(C2)(F)F)c2c(n1)n(nn2)Cc1ccccc1Cl,8.055517328
COCC(Oc1nc(N2CCC(C2)(F)F)c2c(n1)n(nn2)Cc1ccccc1Cl)C,8.055517328
NC(=O)CC(C(F)(F)F)NC(=O)c1ccc(c(n1)OCC1CC1)C1CC1,8.055517328
O[C@H]1CCN(C1)c1nc(nc2c1cnn2Cc1nnnn1C1CC1)C(C)(C)C,8.055517328
FC1(F)CN(CC1(F)F)c1nc(nc2c1ncn2Cc1ccccc1C(F)(F)F)C(C)(C)C,8.050609993
CC(c1onc(n1)c1ncc(c(c1)N1CCCC1)C1CC1)(C)C,8.045757491
CC(C1(C)N=C(NC1=O)c1ncc(c(c1)OCC(F)(F)F)C1CC1)C,8.045757491
CC(CC1(C)N=C(NC1=O)c1ncc(c(c1)OCC(F)(F)F)C1CC1)C,8.045757491
CC1(O)CCN(C1)c1nc(nc2c1ncn2Cc1ccccc1C(F)(F)F)C(C)(C)C,8.045757491
OC1CCN(C1)c1nc(nc2c1ncn2Cc1ccccc1S(=O)(=O)C)C(C)(C)C,8.045757491
FC1(F)CCN(C1)c1nc(nc2c1ncn2Cc1nnnn1C1CC1)C(C)(C)C,8.040958608
Clc1ccccc1Cn1nnc2c1nc(nc2N1CCCCC1)N1CCCCC1,8.036212173
Cc1nonc1Cn1cnc2c1cc(OCC(C)(C)C)nc2C1CCC(C1)(F)F,8.036212173
COCC(N(C(=O)c1cnc(c(n1)OCC1CC1)N1CC(C1)(F)F)C)(C)C,8.036212173
O=C(c1ccc(c(n1)OCC1CC1)N1CC(C1)(F)F)NC(CC(=O)N)(C)C,8.036212173
Clc1ccccc1Cn1nnc2c1nc(nc2N1CC[C@](C1)(C)O)N1CCOCC1,8.017728767
O=C1N(CC2CCCCC2)c2c(C1=NNC(=O)c1ccccc1)cccc2,8.008773924
FC([C@@H]1C[C@](C1)(O)c1nc(nc2c1nnn2Cc1ccccc1Cl)C(C)(C)C)F,8.008773924
CCCCCN1C(=O)C(=NNC(=O)C(C)(C)C)c2c1cc(OC)cc2,8
CCn1c(O)cn(c1=O)Cc1ccc(cc1)c1cccc(n1)CN1CCCCC1,8
Fc1ccc(nc1CN1CCCCC1)c1ccc(cc1)Cn1cc(n(c1=O)C1CC1)O,8
Fc1ccc(nc1CN1CCS(=O)(=O)CC1)c1ccc(cc1)Cn1cc(n(c1=O)C1CC1)O,8
Cc1nonc1Cn1cnc2c1nc(nc2N1CSCC1)C(C)(C)C,7.978810701
Cc1noc(n1)Cn1nnc2c1nc(nc2N1CC[C@](C1)(C)O)N1CCOCC1,7.966576245
C#CCOc1nc(N2CCC(C2)(F)F)c2c(n1)n(nn2)Cc1ccccc1Cl,7.958607315
N#CC(c1noc(c1)NC(=O)[C@@H]1CCCN1C1CCOCC1)(C)C,7.958607315
FC(COc1cc(ncc1C1CC1)c1onc(n1)C1CC1)(F)F,7.954677021
O=C(N1CCCC1(C)C)c1cnc(c(n1)OCC1CC1)C1CC1,7.950781977
NC(=O)CC1(CSC1)NC(=O)c1ccc(c(n1)OCC1CC1)C(F)(F)F,7.93930216
CNC(=O)CC(C1CC1)(NC(=O)c1ncc(c(c1)OCC(F)(F)F)C1CC1)C,7.943095149
Clc1ccc(cc1)Cn1cnc2c1nc(nc2N1CCC(C1)(F)F)C(C)(C)C,7.935542011
Cc1csc(n1)C(NC(=O)c1cnc(c(n1)OCC1CC1)C1CC1)(C)C,7.935542011
CC(c1onc(n1)c1ncc(c(c1)OCC1COC1)C1CC1)(C)C,7.928117993
CCCCCN1C(=O)C(=NNC(=O)CC(C)C)c2c1cc(OC)cc2,7.931814138
CC(N1CCC(C1)Oc1cc(ncc1C1CC1)c1noc(n1)C(C)(C)C)C,7.924453039
CCOC(=O)CC(NC(=O)c1ccc(c(n1)OCC1CC1)C1CC1)CC(C)C,7.924453039
Cn1nnnc1Cn1nnc2c1nc(OCC(C)(C)C)nc2N1CCC(C1)(F)F,7.924453039
NC(=O)CC1(COC1)NC(=O)c1ccc(c(n1)OCC1CC1)C1(F)CCC1,7.924453039
O[C@H]1CCN(C1)c1nc(nc2c1ncn2Cc1ccccc1Cl)NC(C)(C)C,7.91721463
Clc1ccccc1Cn1nnc2c1nc(nc2N1CCC(C1)(F)F)NC1(C)COC1,7.903089987
Clc1ccccc1Cn1cnc2c1nc(nc2N1CC(C(C1)(F)F)(F)F)C(C)(C)C,7.906578315
COc1ccc(cc1)Cn1cnc2c1nc(nc2N1CCC(C1)(F)F)C(C)(C)C,7.903089987
CC(n1c(O)cn(c1=O)Cc1ccc(cc1)c1cccc(n1)CN1CCCCC1)C,7.89997427
Clc1cccnc1Cn1cnc2c1nc(nc2N1CSCC1)C(C)(C)C,7.89997427
CC(Cn1c(O)cn(c1=O)Cc1ccc(cc1)c1cccc(n1)CN1CCCC(C1)C)C,7.89997427
NC(=O)CC1(COC1)NC(=O)c1ccc(c(n1)OCC(C(F)(F)F)(F)F)C1CC1,7.896196279
CNC(=O)C(c1noc(n1)C)(NC(=O)c1ncc(c(c1)OCC(F)(F)F)C1CC1)C,7.896196279
Clc1ccc(cc1)S(=O)(=O)C(C(=O)Nc1cnc2c(c1)cccc2)(C)C,7.886056648
C[C@@H](C(F)(F)F)Oc1cc(ncc1C1CC1)c1onc(n1)C(C)(C)C,7.882728704
COC[C@H]1CCCN1c1nc(nc2c1cnn2Cc1ccccc1C(F)(F)F)C(C)(C)C,7.886056648
NC(=O)C(C(C)(C)C)NC(=O)c1ncc(c(c1)OCC(F)(F)F)N1CC(C1)(F)F,7.879426069
CCCCCN1C(=O)C(=NNC(=O)CN2CCOCC2)c2c1cc(OC)cc2,7.876148359
Clc1ccccc1Cn1cnc2c1nc(nc2N1CCC(C1)(C)O)C(C)(C)C,7.872895202
CN1CCCC1COc1cc(ncc1C1CC1)c1noc(n1)C(C)(C)C,7.872895202
FC(c1onc(n1)c1ncc(c(c1)OCC1CC1)C1CC1)(F)F,7.863279433
FC1(F)CCN(C1)c1nc(nc2c1ncn2C1CS(=O)(=O)C1)C(C)(C)C,7.850780887
COCC(N(C(=O)c1cnc(c(n1)OCC1CC1)C1CC1)C)(C)C,7.835647144
Cc1nonc1Cn1cnc2c1nc(nc2N1CCC(C1)(F)F)NC(C)(C)C,7.832682665
CCCCCN1C(=O)C(=NNC(=O)C(O)(C)C)c2c1cc(OC)cc2,7.832682665
FC(COc1cc(ncc1C1CC1)c1noc(n1)C1(C)CC1)(F)F,7.832682665
O[C@H]1CCN(C1)c1nc(nc2c1ncn2Cc1nonc1C)C(C)(C)C,7.829738285
O[C@H]1CCN(C1)c1nc(OC(C)C)nc2c1nnn2Cc1ccccc1Cl,7.829738285
NC(=O)CC1(COC1)NC(=O)c1ccc(c(n1)OCC1CC1)C1(F)COC1,7.826813732
O=C(N1CCOCC21CC2)c1cnc(c(n1)OCC1CC1)N1CC(C1)(F)F,7.823908741
OCC(c1noc(c1)NC(=O)C(S(=O)(=O)CCCC(F)(F)C)(C)C)(C)C,7.823908741
CCOC(=O)c1ccccc1NC(=O)C12CC3CC(C2)CC(C1)C3,7.823908741
FCCOc1cc(ncc1C1CC1)c1noc(n1)C(C)(C)C,7.809668302
CC(c1onc(n1)c1ncc(c(c1)OCC1CCO1)C1CC1)(C)C,7.806875402
Clc1cccnc1Cn1cnc2c1nc(nc2N1CC(C1)(F)F)C(C)(C)C,7.809388202
CC(CSc1nc(N2CCC(C2)(F)F)c2c(n1)n(nn2)Cc1ccccc1Cl)O,7.806875402
Clc1ccccc1Cn1nnc2c1nc(OCC(O)(C)C)nc2N1CCC(C1)(F)F,7.804100348
N#C[C@H]1CCCN1c1nc(nc2c1ncn2Cc1nonc1C)C(C)(C)C,7.804100348
CC(CSc1nc(ccc1C1CC1)C(=O)NC1(CC(=O)N)CS(=O)(=O)C1)C,7.801342913
CCCCCN1C(=O)C(=NNC(=O)OC(C)(C)C)c2c1cc(OC)cc2,7.798602876
NC(=O)[C@@H]1CCCC[C@@H]1NC(=O)c1ccc(c(n1)OCC1CC1)N1CC(C1)(F)F,7.801342913
CC1(COC1)c1onc(n1)c1ncc(c(c1)OCC1CC1)C1CC1,7.795880017
O=C(c1cnc(c2c1cccc2)Nc1cccc(c1)C(F)(F)F)N1CCOCC1,7.795880017
COC(CCOc1cc(ncc1C1CC1)c1noc(n1)C(C)(C)C)C,7.790484985
CC(COc1nc(N2CCC(C2)(F)F)c2c(n1)n(nc2)Cc1ccccc1C(F)(F)F)(C)C,7.795880017
Cn1nnnc1Cn1nnc2c1nc(nc2c1cnnn1Cc1ccccc1)C(C)(C)C,7.779891912
OC1CCN(C1)c1nc(nc2c1ncn2Cc1nonc1C)C(C)(C)C,7.779891912
CC(c1nc(N2CCC3(C2)COC3)c2c(n1)n(cn2)Cc1ccccc1C(F)(F)F)(C)C,7.777283529
OC1CCN(C1)c1nc(nc2c1ncn2Cc1ccc(cc1)C)C(C)(C)C,7.772113295
Clc1nc(N2CCC(C2)(F)F)c2c(n1)n(nc2)Cc1ccccc1C(F)(F)F,7.769551079
O[C@H]1CCN(C1)c1nc(nc2c1cnn2Cc1nnnn1C)C(C)(C)C,7.769551079
Clc1ccccc1Cn1nnc2c1nc(nc2C1(O)CCCCCC1)C(C)(C)C,7.761953897
Fc1ccc(c(c1)Cl)c1noc(n1)C1CCN(CC1)c1cnc2c(c1)cccc2,7.769551079
Cn1ncc(c1)c1nc(nc2c1nnn2Cc1ccccc1Cl)C(C)(C)C,7.759450752
COc1ccc(cc1)Cn1ncc2c1nc(cc2N1CCC(C1)(F)F)C1CC1,7.756961951
CC(c1onc(n1)c1ncc(c(c1)OC1COCC1)C1CC1)(C)C,7.749579998
C[C@@H](C(F)(F)F)Oc1nc(N2CCC(C2)(F)F)c2c(n1)n(nn2)Cc1nnnn1C1CC1,7.752026734
N#CC(c1noc(c1)NC(=O)C(S(=O)(=O)CCCC(F)(F)C)(C)C)(C)C,7.744727495
COc1ccc2c(c1)N(CC1CCCCC1)C(=O)C2=NNC(=O)c1ccccc1,7.744727495
N#CC(c1noc(c1)NC(=O)C(S(=O)(=O)CCCC(F)(F)F)(C)C)(C)C,7.744727495
NC(=O)CC(C1CCOCC1)NC(=O)c1ccc(c(n1)OCC1CC1)N1CC(C1)(F)F,7.744727495
FC(CCn1cnc2c1nc(nc2N1CCC(C1)(F)F)NC(C)(C)C)(F)F,7.73754891
Cc1ccc(cc1)Cn1cnc2c1nc(nc2N1CCC(C1)(F)F)C(C)(C)C,7.742321425
O=C1OCCN(C1)C(=O)c1cnc(c(n1)OCC1CC1)N1CC(C1)(F)F,7.735182177
FC1(F)CCN(C1)c1nc(nc2c1cnn2CCc1ccccn1)C(C)(C)C,7.728158393
C[C@@H](C(F)(F)F)Oc1cc(ncc1C1CC1)c1noc(n1)C(C)(C)C,7.721246399
CN1CCCCC1COc1cc(ncc1C1CC1)c1noc(n1)C(C)(C)C,7.721246399
O=C(C(S(=O)(=O)c1ccc(cc1Cl)C(F)(F)F)(C)C)Nc1cnc2c(c1)cccc2,7.721246399
OCCN1CC(C1)S(=O)(=O)c1ccc2c(c1)nc(n2CCN(C)C)CC(C)(C)C,7.721246399
CC(c1onc(n1)c1ncc(c(c1)N1CCC2(C1)COC2)C1CC1)(C)C,7.714442691
FC(COc1cc(ncc1C1CC1)C1=NC2(CO1)CCCCC2)(F)F,7.71219827
FC1(F)CCN(C1)c1nc(nc2c1cnn2C1CS(=O)(=O)C1)C(C)(C)C,7.707743929
FC1(F)CN(C1)c1cnc(cc1OCC1CC1)c1noc(n1)C1CC1,7.70333481
CC(Nc1nc(N2CC3(C2)COC3)c2c(n1)n(cn2)Cc1ccccc1C(F)(F)F)(C)C,7.705533774
CCN(C(=O)c1cnc(c(n1)OCC1CC1)N1CC(C1)(F)F)C(C)C,7.701146924
CCn1c(O)cn(c1=O)Cc1ccc(cc1)c1cccc(n1)CC1CCCCC1,7.7000571
CCOc1ccc(cc1)Cc1nc2c(n1CC1CCOCC1)cc(c(c2)S(=O)CC)Cl,7.698970004
OCC(c1noc(c1)NC(=O)C(S(=O)(=O)CCCC(F)(F)F)(C)C)(C)C,7.698970004
COc1ccc(cc1)Cn1nnc2c1nc(nc2N1CCC(C1)(F)F)NC(C)(C)C,7.692503962
OC1CCN(C1)c1nc(nc2c1ncn2CCc1ccccc1)C(C)(C)C,7.692503962
FC(COc1cc(ncc1N1CC(C1)(F)F)c1onc(n1)C(C)(C)C)(F)F,7.688246139
O[C@H]1CCN(C1)c1nc(nc2c1ncn2Cc1nnnn1CC1CC1)C(C)(C)C,7.684029655
CC(c1onc(n1)c1ncc(c(c1)OCC(F)(F)F)C1CC1)C,7.679853714
COC1CN(C1)c1cc(ncc1C1CC1)c1noc(n1)C(C)(C)C,7.675717545
FC(COc1cc(ncc1C1CC1)c1onc(n1)C(F)(F)F)(F)F,7.671620397
COc1ccc(cc1)Cn1cnc2c1nc(nc2N1CCC(C1)O)C(C)(C)C,7.669586227
Clc1ccccc1Cn1nnc2c1nc(OC1COC1)nc2N1CCC(C1)(F)F,7.659555885
CC(COc1nc(N2CCC(C2)(C)O)c2c(n1)n(cn2)Cc1ccccc1C(F)(F)F)(C)C,7.655607726
FC(COc1cc(ncc1C1CC1)c1nnc(o1)C(C)(C)C)(F)F,7.647817482
O=C(c1ncc(c(c1)OCC(F)(F)F)N1CC(C1)(F)F)NC(C1CC1)(CC(=O)N)C,7.643974143
Cn1nnnc1Cn1cnc2c1nc(nc2N1CCC(C1)(F)F)C(C)(C)C,7.638272164
OCCNC(=O)CC/C=C\C/C=C\CC1OC1C/C=C\C/C=C\C/C=C\CC,7.638272164
c1ccc(cc1)c1noc(n1)c1ncc(c(c1)OCC1CC1)C1CC1,7.63638802
NC(=O)C[C@H](C(C)(C)C)NC(=O)c1ccc(c(n1)OCC1CC1)C1CC1,7.634512015
NC(=O)[C@@H]1CC(CN1C(=O)c1cnc(c(n1)OCC1CC1)C1CC1)(F)F,7.628932138
COCCn1cnc2c1nc(nc2N1CCC(C1)(F)F)C(C)(C)C,7.628932138
C[C@@]1(O)CCN(C1)c1nc(nc2c1nnn2Cc1ccccc1C(F)(F)F)N1CCOCC1,7.627087997
CC(c1nc(c2c(n1)n(nn2)Cc1ccccc1)C1(F)CCC1)(C)C,7.619788758
CC(COc1nc(N2CCC(C2)(F)F)c2c(n1)n(cn2)Cc1ccccc1S(=O)(=O)C)(C)C,7.610833916
Clc1ncccc1Cn1cnc2c1nc(nc2N1CCC(C1)(C)O)C(C)(C)C,7.605548319
OCC1(CC1)NC(=O)c1nn(c2c1C[C@H]1[C@@H]2C1)c1ccc(cc1F)F,7.602059991
CN(C(C(=O)Nc1nnc(s1)C(C#N)(C)C)(C)C)CC1CCOCC1,7.602059991
O=C(Nc1ccc(c(c1)Cl)C(F)(F)F)CCc1onc(n1)c1ccc(cc1Cl)F,7.602059991
CC(Cn1c(O)cn(c1=O)Cc1ccc(cc1)c1cccc(n1)CN1CCS(=O)(=O)CC1)C,7.599980365
FC(Cn1c(O)cn(c1=O)Cc1ccc(cc1)c1cccc(n1)CN1CCCCC1)F,7.599980365
CCOc1nc(nc2c1cnn2Cc1ccccc1Cl)C(C)(C)C,7.59345982
Cc1noc(n1)c1ncc(c(c1)OCC1CC1)C1CC1,7.590066877
FC1=CCN(C1)c1nc(nc2c1cnn2Cc1nnc(n1C)C)C(C)(C)C,7.585026652
FCC(Oc1cc(ncc1C1CC1)C(=O)NC(c1noc(n1)C)(CS(=O)(=O)C)C)C,7.585026652
CC(c1onc(n1)c1ncc(c(c1)OCCN1CCCCC1)C1CC1)(C)C,7.583359493
O=C(N1CC(C(C1)(F)F)(F)F)c1cnc(c(n1)OCC1CC1)N1CC(C1)(F)F,7.580044252
Cc1onc(n1)C(NC(=O)c1ncc(c(c1)OCC(F)(F)F)C1(F)COC1)(CC1CC1)C,7.580044252
FC(COc1nc(N2CCC(C2)(F)F)c2c(n1)n(nn2)Cc1ccccc1Cl)F,7.578396073
Clc1ccccc1Cn1nnc2c1nc(NC1COC1)nc2N1CCC(C1)(F)F,7.575118363
Fc1ccc(c(c1)Cl)c1noc(n1)CCCNc1noc(c1)C(C)(C)C,7.568636236
COc1ccc(cc1)Cn1nnc2c1nc(nc2N1CC[C@@H](C1)O)NC(C)(C)C,7.562249437
Fc1ccc(cc1)c1nc(nc2c1nnn2Cc1ccccc1Cl)C(C)(C)C,7.54515514
CC(c1onc(n1)c1ncc(c(c1)OCCN1CCOCC1)C1CC1)(C)C,7.539102157
FC1(COC1)COc1cc(ncc1C1CC1)c1noc(n1)C(C)(C)C,7.536107011
Clc1ncccc1Cn1cnc2c1nc(nc2N1CCC2(C1)COC2)C(C)(C)C,7.528708289
CC(c1nc(C2CCCC2)c2c(n1)n(nn2)Cc1ccccc1)(C)C,7.522878745
O=C(N1CCC(C1)(F)F)c1cnc(c(n1)OCC1CC1)N1CC(C1)(F)F,7.525783736
COCC(c1noc(c1)NC(=O)C(S(=O)(=O)CC1CCOCC1)(C)C)(C)C,7.522878745
CCOCCOc1cc(ncc1C1CC1)c1noc(n1)C(C)(C)C,7.521433504
Cc1nnc(o1)C(NC(=O)c1ncc(c(c1)OCC(F)(F)F)C1CC1)(CC1CC1)C,7.519993057
CC(c1onc(n1)c1ncc(c(c1)OCC1CC1)C1CC1)(O)C,7.511449283
FC([C@@H]1C[C@@](C1)(O)c1nc(nc2c1nnn2Cc1ccccc1Cl)C(C)(C)C)F,7.515700161
Cc1nonc1Cn1cnc2c1nc(OCC(C)(C)C)nc2N1CCC(C1)(C)O,7.512861625
N#Cc1cc(NCCCc2onc(n2)c2ccc(cc2Cl)F)cnc1OCC(F)(F)F,7.508638306
NC(=O)CC1(COC1)NC(=O)c1ccc(c(n1)OCC1CC1)OC(F)(F)F,7.503070352
Oc1cn(c(=O)n1C1CC1)Cc1ccc(cc1)c1cccc(n1)CN1CCCCC1,7.500038134
CCc1onc(n1)c1ncc(c(c1)OCC1CC1)C1CC1,7.496209317
Clc1cccnc1Cn1cnc2c1nc(nc2N1CCC2(C1)CC2(F)F)C(C)(C)C,7.48945499
CC(c1onc(n1)c1ncc(c(c1)OCC1CC1)N1CCC21COC2)(C)C,7.484126156
Fc1ccc(cc1)S(=O)(=O)C(C(=O)Nc1cnc2c(c1)cccc2)(C)C,7.48148606
O=C([C@H]1CCCN1c1ccc(cn1)C(F)(F)F)Nc1noc(c1)C(C)(C)C,7.48148606
CC(c1onc(n1)c1ncc(c(c1)OC1COC1)C1CC1)(C)C,7.480172006
Cn1nnnc1Cn1nnc2c1nc(nc2c1ccnn1C)C(C)(C)C,7.477555766
Cc1noc(n1)Cn1cnc2c1nc(nc2N1CCC(C1)(F)F)C(C)(C)C,7.459670525
Clc1cccnc1Cn1cnc2c1nc(nc2N1CC(C1)(O)C(F)(F)F)C(C)(C)C,7.455931956
Fc1ccc(nc1)COc1cc(ncc1C1CC1)c1noc(n1)C(C)(C)C,7.455931956
Clc1ccc(cc1)S(=O)(=O)C(C(=O)Nc1cccc(c1)C(F)(F)F)(C)C,7.455931956
FC(CCn1cnc2c1nc(nc2N1CCC(C1)(F)F)C(C)(C)C)(F)F,7.453457337
OC1(CC1)c1onc(n1)c1ncc(c(c1)OCC1CC1)C1CC1,7.453457337
Clc1ccccc1Cn1nnc2c1nc(nc2C1(O)CCCC1)C(C)(C)C,7.452225295
CC(OCCOc1cc(ncc1C1CC1)c1noc(n1)C(C)(C)C)(C)C,7.448550002
Cc1nonc1CO[C@H]1CCN(C1)c1nc(nc2c1cnn2Cc1nonc1C)C(C)(C)C,7.448550002
CC(c1onc(n1)c1ncc(c(c1)N1CC2(C1)COC2)C1CC1)(C)C,7.42136079
CC(=O)N[C@H]1CCN(C1)c1nc(nc2c1nnn2Cc1ccccc1Cl)NC(C)(C)C,7.420216403
O=C(Nc1ccc(cc1)C(F)(F)F)CCc1onc(n1)c1ccc(cc1Cl)F,7.420216403
Fc1ccc(c(c1)F)n1nc(c2c1[C@H]1C[C@H]1C2)C(=O)NC1CCOCC1,7.408935393
NC(=O)CC1(CN(C1)C(=O)OCc1ccccc1)NC(=O)c1ccc(c(n1)Cc1ccc(cc1)F)C1CC1,7.408935393
O=C(N1CC2(CC1C(=O)N)CC2)c1cnc(c(n1)OCC1CC1)N1CC(C1)(F)F,7.408935393
Clc1cccnc1Cn1nnc2c1nc(nc2c1ccnn1C)C(C)(C)C,7.403402904
O=C(c1ncc(c(c1)OCC(F)(F)F)C1CC1)NC(C(C)(C)C)c1nnnn1C,7.40560745
Cn1c(O)cn(c1=O)Cc1ccc(cc1)c1cccc(n1)CN1CCCCC1,7.400007822
FC1(F)CN(CC1(F)F)c1nc(nc2c1ncn2Cc1ccccc1S(=O)(=O)C)C(C)(C)C,7.399027104
Cc1csc(n1)C1(CCOCC1)NC(=O)c1ncc(c(c1)OCC(F)(F)F)C1CC1,7.390405591
Cc1noc(n1)Cn1cnc2c1nc(nc2N1CC2(C1)COC2)NC(C)(C)C,7.388276692
CS(=O)(=O)c1cnc(cc1OCC1CC1)c1noc(n1)C(C)(C)C,7.388276692
NC(=O)CC1(NC(=O)c2ccc(c(n2)OCC2CCOCC2)C(F)(F)F)CS(=O)(=O)C1,7.387216143
CC1(O)CCN(C1)c1nc(nc2c1ncn2Cc1ccccc1C(F)(F)F)NC(C)(C)C,7.384049948
CC(c1nnc(o1)c1ncc(c(c1)OC1CCOCC1)C1CC1)(C)C,7.37675071
CC(c1onc(n1)c1ncc(c(c1)N1CCOCC1)C1CC1)(C)C,7.374687549
OC(CC(F)(F)F)Cn1nnc2c1nc(nc2c1ccnn1C)C(C)(C)C,7.372634143
C[C@@H](C(F)(F)F)Oc1nc(N2CCC(C2)(F)F)c2c(n1)n(nn2)Cc1nnnn1C,7.373659633
Cc1nonc1Cn1ncc2c1cc(nc2N1CCC(C1)(F)F)C1CC1,7.37161107
CCCCCN1C(=O)C(=NNC(=O)CC2CCCCC2)c2c1cc(OC)cc2,7.366531544
CCCCCn1cc(c2c1nccc2)C(=O)NC12CC3CC(C2)CC(C1)C3,7.366531544
Clc1ccccc1Cn1nnc2c1nc(nc2c1ccnn1C)C(C)(C)C,7.353596274
CC(c1onc(n1)c1ncc(c(c1)OCC1CCCO1)C1CC1)(C)C,7.349692477
Clc1cccnc1Cn1nnc2c1nc(nc2N1CC[C@](C1)(C)O)N1CCOCC1,7.343901798
CCC(c1nc(nc2c1nnn2Cc1ccccc1Cl)C(C)(C)C)(CC)O,7.343901798
FC(COc1cc(ncc1C1CC1)c1noc(n1)C1CC1)(F)F,7.342944147
FC(COc1cc(ncc1N1CC(C1)(F)F)c1noc(n1)C1(C)CC1)(F)F,7.339134522
FC1(F)CCN(C1)c1nc(nc2c1ncn2Cc1ccccc1S(=O)(=O)C)NC(C)(C)C,7.341988603
COCc1onc(n1)c1ncc(c(c1)OCC1CC1)C1CC1,7.331614083
Clc1cccnc1Cn1cnc2c1nc(nc2N1CCC(C1)(C)O)C(C)(C)C,7.329754147
CC(c1onc(n1)c1ncc(c(c1)OCc1cccnc1)C1CC1)(C)C,7.327902142
CC(c1onc(n1)c1ncc(c(c1)S(=O)(=O)C1CC1)C1CC1)(C)C,7.32330639
CN1CCC(C1)Oc1cc(ncc1C1CC1)c1noc(n1)C(C)(C)C,7.317854924
CC(Oc1cc(ncc1C1CC1)c1noc(n1)C(C)(C)C)COC(C)(C)C,7.316952962
CCn1cnc2c1nc(nc2N1CCC(C1)(F)F)C(C)(C)C,7.311580178
O[C@H]1CCN(C1)c1nc(nc2c1nnn2Cc1nnnn1C)NC(C)(C)C,7.313363731
O=C(C(S(=O)(=O)CCCC(F)(F)C)(C)C)Nc1onc(c1)C(O)(C)C,7.30980392
O=C(C(S(=O)(=O)CCCC(F)(F)F)(C)C)Nc1onc(c1)C(O)(C)C,7.30980392
Fc1ccc(c(c1)Cl)c1noc(n1)CCCCc1ccc2c(c1)cccn2,7.30980392
OC1CCN(C1)c1nc(nc2c1ncn2CCC(F)(F)F)C(C)(C)C,7.304518324
Cc1nonc1Cn1cnc2c1nc(nc2N1CC(C(C1)(F)F)(F)F)C(C)(C)C,7.308034897
OC1CCN(C1)c1nc(nc2c1ncn2Cc1ccc(cc1)Cl)C(C)(C)C,7.308034897
CCCn1cnc2c1nc(nc2N1CCC(C1)(F)F)C(C)(C)C,7.302770657
COCC(Oc1cc(ncc1C1CC1)c1noc(n1)C(C)(C)C)CC,7.300162274
C[C@H](C(F)(F)F)Oc1cc(ncc1C1CC1)c1noc(n1)C(C)(C)C,7.288192771
Clc1cccnc1Cn1cnc2c1nc(nc2N1CC(C1)(C)O)C(C)(C)C,7.289036881
CC(c1onc(n1)c1ncc(c(c1)OC1CCCOC1)C1CC1)(C)C,7.276544328
O=S1CN(C(C1)C(=O)N)C(=O)c1ccc(c(n1)OCC1CC1)N1CC(C1)(F)F,7.279014256
CCOC(=O)CC1(COC1)NC(=O)c1ccc(c(n1)OCC1CC1)C1CC1,7.270025714
CC(c1onc(n1)c1ncc(c(c1)OCc1ccccn1)C1CC1)(C)C,7.268411235
FC(COc1cc(ncc1C1CC1)C1=NCC(O1)(C)C)(F)F,7.268411235
NC(=O)CC1(CNC(=O)C1)NC(=O)c1ccc(c(n1)OCC1CC1)N1CC(C1)(F)F,7.259637311
OC[C@H]1CCCN1c1nc(nc2c1ncn2Cc1nnnn1C1CC1)C(C)(C)C,7.258848401
NC(=O)CC1(CCS(=O)(=O)CC1)NC(=O)c1ccc(c(n1)OCC1CC1)N1CC(C1)(F)F,7.255707017
CCCCCC(NC(=O)c1ccc(c(n1)OCC1CC1)N1CC(C1)(F)F)CC(=O)NC,7.254925208
Clc1ccccc1Cn1cnc2c1nc(nc2N1CCC2(C1)COC2)C(C)(C)C,7.253365801
COc1ccc(cc1)Cn1nnc2c1nc(nc2N1CC[C@@](C1)(C)O)NC(C)(C)C,7.251811973
OC1CCN(C1)c1cc(ncc1C1CC1)c1noc(n1)C(C)(C)C,7.242603971
CCOC(=O)CC1(NC(=O)c2ccc(c(n2)OCC2CC2)N2CC(C2)(F)F)CS(=O)(=O)C1,7.244125144
C[C@@H]1CCCN1C(=O)c1cnc(c(n1)OCC1CC1)C1CC1,7.241845378
Cc1onc(n1)C1(C)COC(=N1)c1ncc(c(c1)OCC(F)(F)F)C1CC1,7.239577517
OC1CCN(C1)c1nc(nc2c1ncn2Cc1cccc(c1)Cl)C(C)(C)C,7.230622674
CC(=O)N[C@H]1CCN(C1)c1nc(OCC(C)(C)C)nc2c1nnn2Cc1ccccc1Cl,7.235077015
Cc1nonc1Cn1cnc2c1nc(nc2N1CCC(C1)(C)O)C(C)(C)C,7.225483034
CC(c1onc(n1)c1ncc(c(c1)OCCN1CCCC1)C1CC1)(C)C,7.220403509
CCOC(=O)C1(CC1)CNC(=O)c1ccc(c(n1)OCC1CC1)N1CC(C1)(F)F,7.217527376
CCCn1nnnc1Cn1cnc2c1nc(nc2N1CC[C@@H](C1)O)C(C)(C)C,7.210419288
Cc1nnc(o1)Cn1cnc2c1nc(nc2N1CCC(C1)(F)F)C(C)(C)C,7.209714836
C[C@H](C(F)(F)F)Oc1cc(ncc1C1CC1)c1onc(n1)C(C)(C)C,7.209011525
Clc1cccnc1Cn1cnc2c1nc(nc2N1CCC(C1)(O)C(F)(F)F)C(C)(C)C,7.20481541
C[C@@H](C(F)(F)F)Oc1cc(ncc1C1CC1)c1nnc(o1)C(C)(C)C,7.200659451
COCCn1cnc2c1nc(nc2N1CC(C(C1)(F)F)(F)F)C(C)(C)C,7.189767482
CC(CS(=O)(=O)c1nc(N2CCC(C2)(F)F)c2c(n1)n(nn2)Cc1ccccc1Cl)O,7.191114133
CC(=O)N[C@H]1CCN(C1)c1nc(nc2c1ncn2Cc1ccccc1C(F)(F)F)C(C)(C)C,7.189095719
Clc1ccccc1Cn1nnc2c1nc(nc2c1ccccc1F)C(C)(C)C,7.185752404
Clc1ccccc1Cn1cnc2c1nc(OCC(C)(C)C)nc2N1CCC(C1)(C)O,7.175874166
COc1ccc(cc1)C(c1ccc2c(c1)c(ncn2)NC1CCN(CC1)c1ccccc1)c1ccc(cc1)Cl,7.173925197
Cn1nnnc1Cn1cnc2c1nc(nc2N1CC(C(C1)(F)F)(F)F)C(C)(C)C,7.164309429
NC(=O)CC1(CNCC1)NC(=O)c1ccc(c(n1)OCC1CC1)N1CC(C1)(F)F,7.170053304
COC(=O)c1ccc(cc1)N1CCC(CC1)Nc1ncnc2c1cc(cc2)C(c1ccc(cc1)Cl)c1ccc(cc1)Cl,7.167491087
O=C(N1CCOC(C1)(C)C)c1cnc(c(n1)OCC1CC1)N1CC(C1)(F)F,7.164309429
c1ccc(cc1)Cc1noc(n1)c1ncc(c(c1)OCC1CC1)C1CC1,7.160521953
O=C(c1ccccn1)Cn1cnc2c1nc(nc2N1CCC(C1)(F)F)C(C)(C)C,7.159893906
CC(c1onc(n1)c1ncc(c(c1)OC1CCCNC1)C1CC1)(C)C,7.156144577
CCC1COC(=N1)c1ncc(c(c1)OCC1CC1)C1CC1,7.15490196
CC(c1onc(n1)c1ncc(c(c1)Oc1cccc(c1)S(=O)(=O)C)C1CC1)(C)C,7.156144577
Clc1cccnc1Cn1cnc2c1nc(nc2N1CC2(C1)CS(=O)(=O)C2)C(C)(C)C,7.154281982
OC1CCN(C1)c1nc(nc2c1ncn2CC1CCCCC1)C(C)(C)C,7.147520006
CC(c1onc(n1)c1ncc(c(c1)OCC1COCCN1)C1CC1)(C)C,7.143875556
CCC1(C)N=C(NC1=O)c1ncc(c(c1)OCC(F)(F)F)C1CC1,7.139063379
Clc1ccc(cc1)C(c1ccc2c(c1)c(ncn2)NC1CCN(CC1)c1ccc(cc1)C(F)(F)F)c1ccc(cc1)Cl,7.142667504
CC(=O)N[C@H]1CCN(C1)c1nc(OCC(C)(C)C)nc2c1nnn2Cc1nonc1C,7.138465589
NC(=O)CC1(NC(=O)c2cccc(n2)c2ccc(c(c2)Cl)F)CS(=O)(=O)C1,7.126679398
COC(=O)CC1(CCOCC1)NC(=O)c1ccc(c(n1)OCC1CC1)N1CC(C1)(F)F,7.125518182
FC1(F)CCN(C1)c1nc(nc2c1ncn2CC1CCCCC1)C(C)(C)C,7.123205024
CCN1CCC(C1)Oc1cc(ncc1C1CC1)c1noc(n1)C(C)(C)C,7.124360063
O[C@H]1CCN(C1)c1nc(nc2c1ncn2Cc1ccc(cc1)Cl)C(C)(C)C,7.121478204
CC(Oc1cc(ncc1C1CC1)c1noc(n1)C(C)(C)C)CN1CCCCC1,7.119758224
Fc1ccc(c(c1)F)n1nc(c2c1[C@H]1C[C@H]1C2)C(=O)NCC1CCOCC1,7.119186408
Clc1ccccc1Cn1nnc2c1nc(nc2c1cnoc1C)C(C)(C)C,7.116338565
O[C@H](C(F)(F)F)Cn1nnc2c1nc(nc2c1ccnn1C)C(C)(C)C,7.1123827
CC(c1onc(n1)c1ncc(c(c1)OCC(F)(F)F)N1CC(C1)(F)F)C,7.109020403
CC(=O)N[C@H]1CCN(C1)c1nc(O[C@H](C(F)(F)F)C)nc2c1nnn2Cc1ccccc1C(F)(F)F,7.102922997
CCCCCCN1C(=O)C(=NNC(=O)C2CCCCC2)c2c1cccc2,7.101823517
Clc1ccccc1Cn1cnc2c1nc(nc2N1CC2(C1)COC2)NC(C)(C)C,7.107348966
Clc1ccccc1Cn1nnc2c1nc(nc2c1ccccc1)C(C)(C)C,7.095825632
O=C(N1CCCC1(C)C)c1cnc(c(n1)OCC(F)(F)F)N1CC(C1)(F)F,7.090443971
C[C@H]1CCCN1C(=O)c1cnc(c(n1)OCC1CC1)N1CC(C1)(F)F,7.087777943
O[C@H]1CCN(C1)c1nc(nc2c1ncn2Cc1nnnn1C(C)C)C(C)(C)C,7.084600165
Clc1ccccc1Cn1nnc2c1nc(nc2N1CCC(C1)(F)F)S(=O)(=O)Cc1ccccc1,7.080921908
CCCCCCN1C(=O)C(=NNC(=O)c2ccccc2)c2c1c(C)ccc2,7.075720714
CCCCN1C(=O)C(=NNC(=O)c2ccccc2)c2c1cc(OC)cc2,7.070581074
Fc1ccc(c(c1)Cl)c1noc(n1)C[C@@H]1CCN(C1)c1cnc2c(c1)cccc2,7.065501549
Cn1nccc1c1nc(nc2c1nnn2C1COCC1)C(C)(C)C,7.065501549
CCS(=O)(=O)c1nc(N2CCC(C2)(F)F)c2c(n1)n(nn2)Cc1ccccc1Cl,7.062482108
OCC(c1noc(c1)NC(=O)C(S(=O)(=O)CC1CCOCC1)(C)C)(C)C,7.055517328
Clc1ccc(c(c1)F)c1nc(nc2c1nnn2Cc1ccccc1Cl)C(C)(C)C,7.054531415
FC(CCn1cnc2c1nc(nc2N1CC(C(C1)(F)F)(F)F)C(C)(C)C)(F)F,7.046723663
CC1(O)CCN(C1)c1nc(nc2c1ncn2Cc1ccccc1S(=O)(=O)C)C(C)(C)C,7.053547735
COc1ccc(cc1)Cn1nnc2c1nc(nc2N1CC[C@](C1)(C)O)NC(C)(C)C,7.046240308
O=C(N1CC(C[C@H]1C(=O)N)(C)O)c1cnc(c(n1)OCC1CC1)N1CC(C1)(F)F,7.045757491
Clc1cccc(c1)Cn1cnc2c1nc(nc2N1CCC(C1)(C)O)C(C)(C)C,7.038104526
Clc1ccccc1Cn1nnc2c1nc(nc2C1CCCC1)C(C)(C)C,7.025028006
Cn1nnnc1Cn1cnc2c1nc(OCC(C)(C)C)nc2N1CCC(C1)(F)F,7.019542108
Cc1onc(c1)COc1cc(ncc1C1CC1)c1noc(n1)C(C)(C)C,7.018634491
OCC(c1noc(n1)C)(NC(=O)c1ncc(c(c1)OCC(F)(F)F)C1CC1)C,7.014124643
Fc1ccc(c(c1)Cl)c1noc(n1)[C@H]1C[C@@H]1CNc1cnc2c(c1)cccc2,7.004364805
CNC(=O)CC1(COC1)NC(=O)c1ccc(c(n1)OCC1CC1)C1CC1,6.996539468
OC1CCN(C1)c1nc(nc2c1ncn2CC(=O)c1ccccc1Cl)C(C)(C)C,6.993533958
Fc1ccc(cc1)Oc1cc(ncc1C1(F)COC1)c1noc(n1)C(C)(C)C,6.987162775
O[C@H]1CCN(C1)c1nc(nc2c1ncn2Cc1nnnn1C(C)(C)C)C(C)(C)C,6.985479461
N#CC(c1noc(c1)NC(=O)C(S(=O)(=O)CC1CCOCC1)(C)C)(C)C,6.982966661
NC(=O)C[C@H](c1cccc(c1)Cl)NC(=O)c1ccc(c(n1)OCC1CC1)C1CC1,6.978397284
Clc1ccccc1Cn1cnc2c1nc(nc2N1CCC(C1)(C)O)NC(C)(C)C,6.967784297
Cc1noc(n1)Cn1cnc2c1nc(OCC(C)(C)C)nc2N1CCC(C1)(F)F,6.96297212
CC(=O)OC1(C)CCN(C1)C(=O)c1cnc(c(n1)OCC1CC1)C1CC1,6.959793372
O=S1CC(C1)(O)c1nc(nc2c1nnn2Cc1ccccc1Cl)C(C)(C)C,6.958607315
CC(=O)OC1(C)CCN(C1)c1nc(nc2c1ncn2Cc1nonc1C)NC(C)(C)C,6.957818405
OCc1onc(n1)c1ncc(c(c1)OCC1CC1)C1CC1,6.958607315
COCC(Oc1cc(ncc1C1CC1)c1noc(n1)C(C)(C)C)C,6.946921557
Cc1nnc(o1)Cn1cnc2c1nc(nc2N1CC(C(C1)(F)F)(F)F)C(C)(C)C,6.934793872
Clc1cccc(c1)Cn1cnc2c1nc(nc2N1CC(C(C1)(F)F)(F)F)C(C)(C)C,6.928486195
NC(=O)CC1(CN(C1)C(=O)C)NC(=O)c1ccc(c(n1)OCC1CC1)N1CC(C1)(F)F,6.920095532
O=C(c1cnc(c(n1)OCC1CC1)C1CC1)N1CC(C(C1)(F)F)(F)F,6.907981529
CC(=O)N[C@H]1CCN(C1)c1nc(nc2c1ncn2Cc1ccccc1Cl)C(C)(C)C,6.895512889
FC(COc1cc(ncc1C1CC1)c1noc(n1)C1(C)COC1)(F)F,6.89279003
Cc1oc(c(n1)COc1cc(ncc1C1CC1)c1noc(n1)C(C)(C)C)C,6.89279003
CN(C(C)(C)C)C(=O)c1cnc(c(n1)OCC(F)(F)F)N1CC(C1)(F)F,6.887394998
Cn1nccc1c1nc(nc2c1nnn2CCC(F)(F)F)C(C)(C)C,6.882728704
Clc1ccc(cc1)CN1C(=O)C(=NNC(=O)c2ccccc2)c2c1cccc2,6.882397308
FC(CCn1cnc2c1nc(nc2N1CCC(C1)(C)O)C(C)(C)C)(F)F,6.87095494
NC(=O)C1(CC1)c1onc(n1)c1ncc(c(c1)OCC1CC1)C1CC1,6.869666232
CC(=O)N[C@H]1CCN(C1)c1nc(nc2c1ncn2Cc1nonc1C)C(C)(C)C,6.860750782
OC1CCN(C1)c1nc(nc2c1ncn2C1COCC1)C(C)(C)C,6.855737226
O=C(C(S(=O)(=O)C1CCOCC1)(C)C)Nc1onc(c1)C(O)(C)C,6.853871964
O=C(N1CCOCC21CC2)c1cnc(c(n1)OCC1CC1)C1CC1,6.852632892
CCN(CC(Oc1cc(ncc1C1CC1)c1noc(n1)C(C)(C)C)C)CC,6.847711656
COc1ccc(cc1)Cn1nnc2c1nc(nc2N1CC[C@@H](C1)NC(=O)C)NC(C)(C)C,6.850780887
CCCCCCN1C(=O)C(=NNC(=O)c2ccc(cc2)OC)c2c1cccc2,6.843450849
CC(C(F)(F)F)Oc1nc(ccc1C1CC1)C(=O)NC1(COC1)CC(=O)N,6.839831707
Cc1nonc1Cn1cnc2c1nc(nc2N1CCC2(C1)COC2)C(C)(C)C,6.836838625
CN1CCC[C@H]1COc1cc(ncc1C1CC1)c1onc(n1)C(C)(C)C,6.835647144
CC(COc1nc(N2CCC(C2)(C)O)c2c(n1)n(cn2)Cc1ccccc1S(=O)(=O)C)(C)C,6.827397069
O[C@H]1CCN(C1)c1nc(nc2c1ncn2Cc1nonc1C)NC(C)(C)C,6.826231177
Clc1ccc(cc1)C(c1ccc2c(c1)c(ncn2)N1CCC(C1)NS(=O)(=O)C(F)(F)F)c1ccc(cc1)Cl,6.823908741
CCCn1cnc2c1nc(nc2N1CCC(C1)O)C(C)(C)C,6.822752164
O[C@H]1CCN(C1)c1nc(nc2c1ncn2Cc1ncccc1Cl)NC(C)(C)C,6.817870786
Clc1ccc(cc1)C(c1ccc2c(c1)c(ncn2)NC1CCN(CC1)c1ccccn1)c1ccc(cc1)Cl,6.812479279
Cn1ncc(c1)c1nc(nc2c1nnn2Cc1nnnn1C)C(C)(C)C,6.806875402
N#Cc1ccc(cc1)C(c1ccc2c(c1)c(ncn2)NC1CCN(CC1)S(=O)(=O)C(F)(F)F)c1ccc(cc1)Cl,6.804100348
CC(=O)N[C@H]1CCN(C1)c1nc(O[C@H](C(F)(F)F)C)nc2c1nnn2Cc1ccccc1Cl,6.798602876
Clc1cccnc1Cn1cnc2c1nc(nc2N1CCC2(C1)COC2)C(C)(C)C,6.797239313
FC1(COC1)c1cnc(cc1OC1CCOCC1)c1noc(n1)C(C)(C)C,6.790484985
FC(COc1cc(ncc1N1CC(C1)(F)F)c1noc(n1)C1(C)COC1)(F)F,6.779891912
Clc1ccccc1Cn1nnc2c1nc(nc2C1(O)CSC1)C(C)(C)C,6.774690718
CC(=O)N[C@H]1CCN(C1)c1nc(OCC(C)(C)C)nc2c1nnn2Cc1ncccc1Cl,6.774690718
CCOC(=O)COc1ccc(cc1)S(=O)(=O)N1CCC(CC1)Nc1ncnc2c1cc(cc2)C(c1ccc(cc1)Cl)c1ccc(cc1)Cl,6.769551079
Clc1ccccc1Cn1nnc2c1nc(nc2C1(O)CCCCC1)C(C)(C)C,6.764471553
CNC(=O)CC(NC(=O)c1ccc(c(n1)OCC1CC1)N1CC(C1)(F)F)(C)C,6.763966853
COC(=O)Cc1ccc(cc1)N1CCC(CC1)Nc1ncnc2c1cc(cc2)C(c1ccc(cc1)Cl)c1ccc(cc1)Cl,6.761953897
O[C@H]1CCN(C1)c1nc(OC(C)C)nc2c1nnn2Cc1nnnn1C,6.759450752
CC(c1nc(N2CCC3(C2)COC3)c2c(n1)n(cn2)Cc1ccccc1S(=O)(=O)C)(C)C,6.757458572
N#C[C@H]1CCCN1c1nc(nc2c1ncn2Cc1nnnn1C1CC1)C(C)(C)C,6.755722879
CC(=O)N[C@H]1CCN(C1)c1nc(nc2c1ncn2Cc1cccnc1Cl)C(C)(C)C,6.756218084
NC(=O)Cc1ccc(cc1)N1CCC(CC1)Nc1ncnc2c1cc(cc2)C(c1ccc(cc1)Cl)c1ccc(cc1)Cl,6.749579998
Clc1cccnc1Cn1cnc2c1nc(OCC(C)(C)C)nc2N1CCC(C1)(C)O,6.748848657
Cc1noc(n1)Cn1cnc2c1nc(nc2N1CC(C(C1)(F)F)(F)F)C(C)(C)C,6.74641971
FC(COc1cc(ncc1N1CC(C1)(F)F)c1noc(n1)C1(O)CC1)(F)F,6.744727495
Cc1nonc1Cn1cnc2c1nc(nc2N1CC2(C1)COC2)C(C)(C)C,6.733298033
CCCCCCN1C(=O)C(=NNC(=O)c2ccccc2)c2c1ccc(c2)F,6.728390699
Cn1nccc1c1nc(nc2c1nnn2C1COC1)C(C)(C)C,6.721246399
O[C@H]1CCN(C1)c1nc(OC(C)C)nc2c1nnn2Cc1ccccc1S(=O)(=O)C,6.721246399
COC(=O)[C@@H]1CCCN1C(=O)c1cnc(c(n1)OCC1CC1)C1CC1,6.719649307
Cc1noc(n1)Cn1cnc2c1nc(nc2N1CCC(C1)(F)F)NC(C)(C)C,6.709965389
Clc1ccc(cc1)C(c1ccc2c(c1)c(ncn2)NC1CCN(CC1)c1ccc(cc1)C(=O)O)c1ccc(cc1)Cl,6.709965389
N#CC1(CCC(CC1)Nc1ncnc2c1cc(cc2)C(c1ccc(cc1)Cl)c1ccc(cc1)Cl)c1ccccc1,6.707743929
CCCN1c2ccccc2C(=NNC(=O)c2ccccc2)C1=O,6.697452628
O[C@H]1CCN(C1)c1nc(nc2c1ncn2Cc1nnnn1C1CC1)C(C)(C)C,6.696803943
CCCCCCN1C(=O)C(=NNC(=O)c2cccc3c2cccc3)c2c1cccc2,6.694218849
Cn1nccc1c1nc(nc2c1nnn2CC(O)(C)C)C(C)(C)C,6.68613278
Cc1ccc(cc1)c1nc(nc2c1nnn2Cc1ccccc1Cl)C(C)(C)C,6.68613278
O=C(c1cnc(c(n1)OCC1CC1)N1CC(C1)(F)F)N1CCC2(C1)COC2,6.690156995
CN1CCN(CC1)c1nc(nc2c1ncn2Cc1nonc1C)C(C)(C)C,6.676335464
Clc1nc(N2CCC(C2)(F)F)c2c(n1)n(cn2)Cc1ccccc1,6.67592342
CC(=O)N[C@H]1CCN(C1)c1nc(nc2c1ncn2CCC(F)(F)F)C(C)(C)C,6.675511767
Cc1nnc(o1)Cn1nnc2c1nc(O[C@H](C(F)(F)F)C)nc2N1CCC(C1)(F)F,6.669586227
O[C@H]1CCN(C1)c1nc(nc2c1ncn2CCC(F)(F)F)NC(C)(C)C,6.667763585
OCC(NC(=O)c1ccc(cc1)N1CCC(CC1)Nc1ncnc2c1cc(cc2)C(c1ccc(cc1)Cl)c1ccc(cc1)Cl)(CO)CO,6.665546249
NC(=O)C1CCCCN1C(=O)c1cnc(c(n1)OCC1CC1)N1CC(C1)(F)F,6.664141089
Clc1ccc(cc1)C(c1ccc2c(c1)c(ncn2)NC1CCN(CC1)c1cccc(c1)C(=O)N)c1ccc(cc1)Cl,6.661543506
Clc1ccc(cc1)C(c1ccc2c(c1)c(ncn2)NC1CCN(CC1)S(=O)(=O)C(F)(F)F)c1ccc(cc1)Br,6.661543506
Clc1ccccc1Cn1nnc2c1nc(nc2N1CC[C@@](C1)(C)O)N1CCOCC1,6.657577319
O[C@H]1CCN(C1)c1nc(nc2c1ncn2CCC(F)(F)F)C(C)(C)C,6.642827742
CC(=O)N[C@H]1CCN(C1)c1nc(nc2c1ncn2Cc1ccccc1S(=O)(=O)C)C(C)(C)C,6.639406586
Clc1ccccc1Cn1nnc2c1nc(nc2C1(O)CCC1)C(C)(C)C,6.632644079
FC(COc1cc(ncc1C1CC1)c1noc(n1)C1(O)CC1)(F)F,6.627087997
COc1ccc(cc1)c1nc(nc2c1nnn2Cc1ccccc1Cl)C(C)(C)C,6.621602099
COC(=O)CC1(CCN(CC1)C(=O)OC(C)(C)C)NC(=O)c1ccc(c(n1)OCC1CC1)C1CC1,6.625068446
NC(=O)CC1(CCNCC1)NC(=O)c1ccc(c(n1)OCC1CC1)C1CC1,6.620513186
CCCCCN1C(=O)C(=NNC(=O)c2ccccc2)c2c1cccc2,6.619788758
Clc1ccc(cc1)Cn1cnc2c1nc(nc2N1CCC(C1)(C)O)C(C)(C)C,6.619426997
Cn1nnnc1Cn1cnc2c1nc(nc2N1CCC(C1)(F)F)NC(C)(C)C,6.604324215
Oc1ccc(cc1)S(=O)(=O)N1CCC(CC1)Nc1ncnc2c1cc(cc2)C(c1ccc(cc1)Cl)c1ccc(cc1)Cl,6.605548319
NC(=O)CC1(COC1)NC(=O)c1ccc(c(n1)OCC1CC1)C1(O)COC1,6.600499339
COC(=O)[C@H]1CCCN1C(=O)c1cnc(c(n1)OCC1CC1)N1CC(C1)(F)F,6.597910649
CC(CS(=O)(=O)c1nc(ccc1C1CC1)C(=O)NC1(COC1)CC(=O)N)C,6.592779107
O=C(N1CC2CC1CO2)c1cnc(c(n1)OCC1CC1)N1CC(C1)(F)F,6.590235896
Clc1ccc(cc1)C(c1ccc2c(c1)c(NCCc1ccc(cc1)C(=O)O)ncn2)c1ccc(cc1)Cl,6.576754126
CC(=O)N[C@H]1CCN(C1)c1nc(nc2c1nnn2Cc1ncccc1Cl)NC(C)(C)C,6.573488739
Clc1ccccc1Cn1cnc2c1nc(OCC(C)(C)C)nc2N1CC2(C1)COC2,6.571865206
COCCNc1ccc(cc1)C(c1ccc2c(c1)c(ncn2)NC1CCN(CC1)S(=O)(=O)C(F)(F)F)c1ccc(cc1)Cl,6.571865206
COCCn1cnc2c1nc(nc2N1CCC(C1)O)C(C)(C)C,6.561774192
CC(=O)O[C@H]1CCN(C1)C(=O)c1cnc(c(n1)OCC1CC1)N1CC(C1)(F)F,6.566710315
Clc1cnc(cc1OCC(F)(F)F)c1noc(n1)C1CC1,6.552841969
Clc1ccc(cc1)C(c1ccc2c(c1)c(ncn2)NC1CCN(CC1)c1ccccc1)c1ccc(cc1)Cl,6.552841969
NC(=O)CC1(CCNCC1)NC(=O)c1ccc(c(n1)OCC1CC1)N1CC(C1)(F)F,6.568314655
Clc1ccc(cc1)C(c1ccc2c(c1)c(ncn2)NC1CCN(CC1)S(=O)(=O)c1ccc(s1)C(=O)O)c1ccc(cc1)Cl,6.555955204
COc1cc(ccc1C(=O)O)S(=O)(=O)N1CCC(CC1)Nc1ncnc2c1cc(cc2)C(c1ccc(cc1)Cl)c1ccc(cc1)Cl,6.552841969
CC(c1onc(n1)c1ncc(c(c1)Oc1ccc(cc1)S(=O)(=O)C)C1CC1)(C)C,6.540607512
CCCCSc1nnc2c(n1)[nH]c1c2cccc1,6.528708289
OC1CCN(C1)c1nc(nc2c1ncn2Cc1nnnn1C)C(C)(C)C,6.521866572
O=C(N(C)C)CC1(COC1)NC(=O)c1ccc(c(n1)OCC1CC1)N1CC(C1)(F)F,6.525783736
Cc1noc(n1)Cn1nnc2c1nc(nc2N1CC[C@@](C1)(C)O)N1CCOCC1,6.521433504
OC(=O)CC1(CCC1)NC(=O)c1ccc(c(n1)OCC1CC1)N1CC(C1)(F)F,6.51970554
CNC(=O)CC(NC(=O)c1ccc(c(n1)OCC1CC1)N1CC(C1)(F)F)CCc1ccccc1,6.521433504
NC(=O)C1CSCCN1C(=O)c1cnc(c(n1)OCC1CC1)N1CC(C1)(F)F,6.511026475
FC(COc1nc(cnc1N1CC(C1)(F)F)C(=O)N1CC(C[C@H]1C(=O)N)(F)F)F,6.509058795
CC(=O)N[C@H]1CCN(C1)c1nc(nc2c1ncn2Cc1cccc(c1)Cl)C(C)(C)C,6.507379278
OCCN1CCN(CC1)C(=O)c1cnc(c(n1)OCC1CC1)N1CC(C1)(F)F,6.500725418
C[C@@]1(O)CCN(C1)c1nc(nc2c1nnn2Cc1ccccc1S(=O)(=O)C)N1CCOCC1,6.505845406
Cc1nnc(o1)Cn1nnc2c1nc(nc2c1ccnn1C)C(C)(C)C,6.498940738
CN1CCCC(C1)Oc1cc(ncc1C1CC1)c1noc(n1)C(C)(C)C,6.498940738
OCCNC(=O)c1ccc(cc1)N1CCC(CC1)Nc1ncnc2c1cc(cc2)C(c1ccc(cc1)Cl)c1ccc(cc1)Cl,6.4867824
Cc1nnc(o1)Cn1cnc2c1nc(OCC(C)(C)C)nc2N1CCC(C1)(F)F,6.479516467
S=C([C@H]1CCCN1C(=O)c1cnc(c(n1)OCC1CC1)N1CC(C1)(F)F)N(C)C,6.477425367
Cc1noc(n1)c1ncc(c(c1)OCC(F)(F)F)N1CC(C1)(F)F,6.46470588
CN(C(=O)CC1(COC1)NC(=O)c1ccc(c(n1)OCC1CC1)C1CC1)C,6.462558717
CNC(=O)CC1(COC1)NC(=O)c1ccc(c(n1)OCC1CC1)N1CC(C1)(F)F,6.440452444
O[C@H]1CCN(C1)c1nc(nc2c1ncn2Cc1nnnn1C)C(C)(C)C,6.43985416
O[C@H]1CCN(C1)c1nc(nc2c1ncn2Cc1onc(n1)C)C(C)(C)C,6.431915669
Oc1ccc(cc1)N1CCC(CC1)Nc1ncnc2c1cc(cc2)C(c1ccc(cc1)Cl)c1ccc(cc1)Cl,6.43062609
CC(=O)N[C@H]1CCN(C1)c1nc(nc2c1ncn2Cc1ncccc1Cl)C(C)(C)C,6.410944469
COc1ccc(cc1)C(c1ccc2c(c1)c(cnn2)NC1CCN(CC1)S(=O)(=O)C(F)(F)F)c1ccc(cc1)Cl,6.402304814
NC(=O)[C@H]1CCCC[C@H]1NC(=O)c1ccc(c(n1)OCC1CC1)N1CC(C1)(F)F,6.39051231
CC(S(=O)c1nc(ccc1Br)C(=O)NC1(COC1)CC(=O)N)C,6.383839687
COC(=O)CC1(CNC(=O)C1)NC(=O)c1ccc(c(n1)OCC1CC1)N1CC(C1)(F)F,6.373762315
OC1CCN(C1)c1nc(nc2c1ncn2Cc1onc(n1)C)C(C)(C)C,6.369368756
CCn1cnc2c1nc(nc2N1CCC(C1)O)C(C)(C)C,6.364013888
CC(=O)O[C@H]1CCN(C1)c1nc(nc2c1ncn2Cc1nonc1C)NC(C)(C)C,6.36552273
FC(COc1cc(ncc1C1CC1)c1nocn1)(F)F,6.36251027
Clc1ccc(cc1)C(c1ccc2c(c1)c(ncn2)NC1CCN(CC1)S(=O)(=O)c1ccc(c(c1)Cl)C(=O)O)c1ccc(cc1)Cl,6.36251027
FC(COc1cc(ncc1S(=O)(=O)C)c1noc(n1)C(C)(C)C)(F)F,6.36251027
COCCn1cnc2c1nc(nc2N1CC[C@@H](C1)O)C(C)(C)C,6.356942316
NC(=O)CC1(CNC1)NC(=O)c1ccc(c(n1)OCC1CC1)N1CC(C1)(F)F,6.353400248
Cn1nccc1c1nc(nc2c1nnn2CC1(C)COC1)C(C)(C)C,6.351639989
NC1(COC1)c1onc(n1)c1ncc(c(c1)OCC1CC1)C1CC1,6.348721986
CCOC(=O)CCC(=O)N1CCC(CC1)Nc1ncnc2c1cc(cc2)C(c1ccc(cc1)Cl)c1ccc(cc1)Cl,6.344861565
Clc1ccc(cc1)C(c1ccc2c(c1)c(NCCN1CCS(=O)(=O)CC1)ncn2)c1ccc(cc1)Cl,6.341988603
Clc1ccc(cc1)C(c1ccc2c(c1)c(ncn2)NC1CCN(CC1)c1ccc(cc1)C(=O)N)c1ccc(cc1)Cl,6.336299075
Clc1cccc(c1)Cn1cnc2c1nc(nc2N1CCC2(C1)COC2)C(C)(C)C,6.331148352
Cc1ccc(nc1)c1nc(nc2c1nnn2Cc1ccccc1Cl)C(C)(C)C,6.311580178
Clc1ccc(cc1)C(c1ccc2c(c1)c(ncn2)NC1CCN(CC1)CC(F)(F)F)c1ccc(cc1)Cl,6.30980392
COCCN1c2cc(OC)ccc2C(=NNC(=O)c2ccccc2)C1=O,6.308034897
Clc1ccc(cc1)Cn1cnc2c1nc(nc2N1CCC2(C1)COC2)C(C)(C)C,6.296021175
OCCOc1nc(NC2CCN(CC2)S(=O)(=O)c2ccc(cc2)C(=O)O)c2c(n1)ccc(c2)C(c1ccc(cc1)Cl)c1ccc(cc1)Cl,6.289036881
Cn1nnnc1Cn1nnc2c1nc(nc2c1cnoc1C)C(C)(C)C,6.288192771
CCN1CCCC(C1)Oc1cc(ncc1C1CC1)c1noc(n1)C(C)(C)C,6.28567024
CCOC(=O)CC(NC(=O)c1ccc(c(n1)OCC1CC1)N1CC(C1)(F)F)(C)C,6.285335007
CC(=O)N[C@H]1CCN(C1)c1nc(nc2c1ncn2Cc1ccc(cc1)Cl)C(C)(C)C,6.272133551
COc1ccc2c(c1)N(CCC1CCCCC1)C(=O)C2=NNC(=O)c1ccccc1,6.26760624
Cc1nonc1Cn1cnc2c1nc(nc2N1CCC(C1)(C)O)NC(C)(C)C,6.249800272
FC(CCn1cnc2c1nc(nc2N1CCC2(C1)COC2)C(C)(C)C)(F)F,6.242148656
OC[C@@H]1[C@@H](O)CCN1c1nc(nc2c1ncn2Cc1ncccc1Cl)C(C)(C)C,6.228192121
CNC(=O)CC1(COC1)NC(=O)c1ccc(c(n1)OCC1CC1)C(F)(F)F,6.222283261
COc1nc(NC2CCN(CC2)S(=O)(=O)c2ccc(cc2)C(=O)O)c2c(n1)ccc(c2)C(c1ccc(cc1)Cl)c1ccc(cc1)Cl,6.210419288
C[C@@H](C(F)(F)F)Oc1cc(ncc1C1CC1)c1noc(n1)C1CC1,6.19314197
Fc1ccc(cn1)c1nc(nc2c1nnn2Cc1nonc1C)C(C)(C)C,6.194499142
CCCCCCN1C(=O)C(=NNC(=O)c2ccccc2)c2c1c(Cl)ccc2,6.190103753
COCCn1cnc2c1nc(nc2N1CCC2(C1)COC2)C(C)(C)C,6.180061431
O=S1CN([C@@H](C1)C(=O)N)C(=O)c1ccc(c(n1)OCC1CC1)C1CC1,6.172953983
COCCn1cnc2c1nc(nc2N1CCC(C1)(C)O)C(C)(C)C,6.167235695
CC(CC(NC(=O)c1ccc(c(n1)OCC1CC1)N1CC(C1)(F)F)CC(=O)OC(C)(C)C)C,6.170246081
FC(CCn1cnc2c1nc(nc2N1CC2(C1)COC2)NC(C)(C)C)(F)F,6.167108055
COCCOCCCNC(=O)CCCCCOc1cc(NC2CCN(CC2)S(=O)(=O)C(F)(F)F)c2c(n1)ccc(c2)C(c1ccc(cc1)Cl)c1ccc(cc1)Cl,6.148741651
OC(=C)CCOCCOCCOCCOCCOCCOCCOCCOCCOCCOCCOCCOCCOc1cc(cc2c1nccc2NC1CCN(CC1)S(=O)(=O)C(F)(F)F)C(c1ccc(cc1)Cl)c1ccc(cc1)Cl,6.13076828
Clc1ccc(cc1)C(c1ccc2c(c1)c(ncn2)NC1CCN(CC1)c1ncccn1)c1ccc(cc1)Cl,6.112945622
NC(=O)CC1(COC1)NC(=O)c1ccc(c(n1)Cl)OCC1CC1,6.100617294
N1CC(C1)c1onc(n1)c1ncc(c(c1)OCC1CC1)C1CC1,6.098541679
Cc1nnc(o1)Cn1cnc2c1nc(nc2N1CCC(C1)(F)F)NC(C)(C)C,6.094743951
Clc1ccc(cc1)C(c1ccc2c(c1)c(NCCc1ccccc1)ncn2)c1ccc(cc1)Cl,6.092588639
OC(=O)CCOCCOc1nc(NCc2cccc(c2)C(F)(F)F)c2c(n1)ccc(c2)C(c1ccc(cc1)Cl)c1ccc(cc1)Cl,6.093664958
NC(=O)CCCOc1nc(NCc2ccc(cc2)C(F)(F)F)c2c(n1)ccc(c2)C(c1ccc(cc1)Cl)c1ccc(cc1)Cl,6.073143291
Clc1ccc(cc1)C(c1ccc2c(c1)c(cnn2)NC1CCN(C1)S(=O)(=O)c1ccccc1)c1ccc(cc1)Cl,6.07109231
FCC1(CC1)c1nc(nc2c1nnn2Cc1ccccc1Cl)C(C)(C)C,6.04431225
Clc1ccc(cc1)C(c1ccc2c(c1)c(ncn2)NC1CCN(CC1)C(=O)c1ccccc1)c1ccc(cc1)Cl,6.040958608
Clc1ccc(cc1)C(c1ccc2c(c1)c(NC1CCN(CC1)S(=O)(=O)c1ccc(cc1)C(=O)O)nc(n2)OCCNS(=O)(=O)C)c1ccc(cc1)Cl,6.037630664
Clc1ccc(cc1)C(c1ccc2c(c1)c(C1CCN(CC1)S(=O)(=O)c1ccc(c(c1)Cl)C(=O)O)n(n2)C1CC1)c1ccc(cc1)Cl,6.022276395
CN(C(=O)CC1(COC1)NC(=O)c1ccc(c(n1)OCC1CC1)C(F)(F)F)C,6.014528617
CC(CC(C(=O)O)CNC(=O)c1ccc(c(n1)OCC1CC1)N1CC(C1)(F)F)C,6.014708281
Clc1ccc(cc1)C(c1ccc2c(c1)c(ncn2)NC1CCN(CC1)S(=O)(=O)C(F)(F)F)c1nccs1,6.009661145
Clc1ccc(cc1)C(c1ccc2c(c1)c(ncn2)NC1CCN(CC1)CCc1ccc(cc1)C(=O)O)c1ccc(cc1)Cl,6.000869459
Clc1ccc(cc1)C(c1ccc2c(c1)c(NCCc1cccc(c1)C(=O)O)ncn2)c1ccc(cc1)Cl,5.97674754
Fc1ccc(cc1)C(c1ccc2c(c1)c(ncn2)NC1CCN(CC1)c1ccccc1)c1ccc(cc1)F,5.939679971
Clc1ccc(cc1)C(c1ccc2c(c1)c(ncn2)NCc1cncc(c1)C(F)(F)F)c1ccc(cc1)Cl,5.928117993
Clc1ccc(cc1)C(c1ccc2c(c1)c(ncn2)NCc1cccc(c1)F)c1ccc(cc1)Cl,5.920818754
OCCNS(=O)(=O)c1ccc(cc1)C(=O)N1CCC(CC1)Nc1ncnc2c1cc(cc2)C(c1ccc(cc1)Cl)c1ccc(cc1)Cl,5.92226882
Clc1ccc(cc1)C(c1ccc2c(c1)c(ncn2)NCc1ccc(nc1)C(F)(F)F)c1ccc(cc1)Cl,5.896538378
NNC(=O)CCOCCOCCOCCOCCOCCOCCOCCOCCOCCNC(=O)CCCCCOc1cc(NC2CCN(CC2)S(=O)(=O)C(F)(F)F)c2c(n1)ccc(c2)C(c1ccc(cc1)Cl)c1ccc(cc1)Cl,5.899629455
FC(c1cccc(c1)Nc1ccc2c(n1)cccc2)(F)F,5.886056648
NC(=O)CC1(CCN(C1)C(=O)OCc1ccccc1)NC(=O)c1ccc(c(n1)OCC1CC1)N1CC(C1)(F)F,5.877194537
Clc1ccc(cc1)C(c1ccc2c(c1)c(cnn2)NC1CCN(CC1)S(=O)(=O)c1ccc(cc1)C(=O)O)c1ccc(cc1)Cl,5.830913643
Clc1ccc(cc1)C(c1ccc2c(c1)c(C1CCN(CC1)S(=O)(=O)c1ccc(cc1)C(=O)O)n(n2)C1CC1)c1ccc(cc1)Cl,5.809668302
FC(c1cccc(c1)Nc1nccc2c1cccc2)(F)F,5.795880017
O=C(c1cnc(c2c1cccc2)Nc1cccc(c1)C(F)(F)F)NCC1CCCCC1,5.795880017
Clc1ccc(cc1)C(c1ccc2c(c1)c(ncn2)NCc1ccc(cn1)C(F)(F)F)c1ccc(cc1)Cl,5.763210901
CCOC(=O)CC(=O)N1CCC(CC1)Nc1ncnc2c1cc(cc2)C(c1ccc(cc1)Cl)c1ccc(cc1)Cl,5.744004273
Clc1ccc(cc1)C(c1ccc2c(c1)c(cnn2)NC1CCN(C1)S(=O)(=O)C(F)(F)F)c1ccc(cc1)Cl,5.714667772
Clc1ccc(cc1)C(c1ccc2c(c1)c(ncn2)NC1CCN(CC1)S(=O)(=O)c1ccccc1F)c1ccc(cc1)Cl,5.71354353
OCCOCCOCCOCCOCCOCCOCCOCCOCCOCCOc1cc(cc2c1nccc2NC1CCN(CC1)S(=O)(=O)C(F)(F)F)C(c1ccc(cc1)Cl)c1ccc(cc1)Cl,5.721246399
OCC(COc1nc(NCc2cccc(c2)C(F)(F)F)c2c(n1)ccc(c2)C(c1ccc(cc1)Cl)c1ccc(cc1)Cl)CO,5.71354353
Clc1ccc(cc1)C(c1ccc2c(c1)c(cnn2)NC1CCN(CC1)S(=O)(=O)c1scc(c1)C(=O)O)c1ccc(cc1)Cl,5.70333481
Brc1cccc(c1)Nc1ccc2c(n1)cccc2,5.698970004
Clc1ccc(cc1)Nc1ccc2c(n1)cccc2,5.698970004
COc1ccc(cc1)Nc1ccc2c(n1)cccc2,5.698970004
CCOc1ccc(cc1)Cc1[nH]c2c(n1)cc(c(c2)SCC)Cl,5.698970004
O=C(c1cnc(c2c1cccc2)Nc1cccc(c1)C(F)(F)F)NC1CCCCC1,5.698970004
Clc1ccc(cc1)C(c1ccc2c(c1)c(nn2c1ccc(cc1)C(=O)N)C1CCN(CC1)S(=O)(=O)C(F)(F)F)c1ccc(cc1)Cl,5.673664139
Fc1ccc(cc1)S(=O)(=O)N1CCC(CC1)Nc1ncnc2c1cc(cc2)C(c1ccc(cc1)Cl)c1ccc(cc1)Cl,5.669180534
Clc1ccc(cc1)C(c1ccc2c(c1)c(cnn2)NC1CCN(CC1)S(=O)(=O)c1ccc(s1)C(=O)O)c1ccc(cc1)Cl,5.668572703
Clc1ccc(cc1)C(c1ccc2c(c1)c(ncn2)NC1CCN(CC1)S(=O)(=O)N1CCCC1)c1ccc(cc1)Cl,5.668370282
Clc1ccc(cc1)C(c1ccc2c(c1)c(ncn2)NC1CCN(CC1)C(=O)CC(F)(F)F)c1ccc(cc1)Cl,5.654822383
Clc1ccc(cc1)C(c1cc(OCCOCCOCCOCCOCCOCCOCCOCCOCCOCCOCCOCCOCCC(=O)OC(C)(C)C)c2c(c1)c(ccn2)NC1CCN(CC1)S(=O)(=O)C(F)(F)F)c1ccc(cc1)Cl,5.647817482
Clc1ccc(cc1)C(c1ccc2c(c1)c(ncn2)NC1CCN(CC1)S(=O)(=O)C)c1ccc(cc1)Cl,5.610833916
Clc1ccc(cc1)C(c1ccc2c(c1)c(NCCc1ccccc1)cnn2)c1ccc(cc1)Cl,5.608183076
Clc1cccc(c1)Nc1ccc2c(n1)cccc2,5.602059991
Clc1ccc(cc1)C(c1ccc2c(c1)c(C1CCN(CC1)S(=O)(=O)c1ccc(c(c1)F)C(=O)O)n(n2)C1CC1)c1ccc(cc1)Cl,5.621602099
Clc1ccc(cc1)C(c1ccc2c(c1)c(ncn2)NC(c1ccc(cc1)C(F)(F)F)C)c1ccc(cc1)Cl,5.602059991
COc1cccc(c1)Nc1ccc2c(n1)cccc2,5.602059991
FC(c1cccc(c1)Nc1ncnc2c1cccc2)(F)F,5.602059991
Clc1ccc(cc1)C(c1ccc2c(c1)c(ncn2)Nc1ccc(cc1)C(F)(F)F)c1nccs1,5.561299467
Clc1ccc(cc1)C(c1ccc2c(c1)c(NCC1CCN(CC1)S(=O)(=O)C(F)(F)F)ncn2)c1ccc(cc1)Cl,5.544698228
Clc1ccc(cc1)C(c1ccc2c(c1)c(ncn2)NC1CCN(CC1)S(=O)(=O)c1ccccn1)c1ccc(cc1)Cl,5.562566556
Clc1ccc(cc1)C(c1ccc2c(c1)c(NCCc1ccc(cc1)C(=O)O)cnn2)c1ccc(cc1)Cl,5.553929064
Fc1ccc(cc1)CNc1ncnc2c1cc(cc2)C(c1ccc(cc1)Cl)c1ccc(cc1)Cl,5.53165267
NC(=O)CC(=O)N1CCC(CC1)c1nn(c2c1cc(cc2)C(c1ccc(cc1)Cl)c1ccc(cc1)Cl)C1CC1,5.508638306
Clc1ccc(cc1)C(c1ccc2c(c1)c(ncn2)NC1CCN(CC1)CCc1cccc(c1)C(=O)O)c1ccc(cc1)Cl,5.515842576
OCc1ccc(cc1)OCCOCCOCCOCCOCCOCCOc1cc(NC2CCN(CC2)S(=O)(=O)C(F)(F)F)c2c(n1)ccc(c2)C(c1ccc(cc1)Cl)c1ccc(cc1)Cl,5.507239611
COCCOCCOCCOCCOCCOCCOCCOCCOCCOCCOCCNC(=O)CCCCCOc1cc(NC2CCN(CC2)S(=O)(=O)C(F)(F)F)c2c(n1)ccc(c2)C(c1ccc(cc1)Cl)c1ccc(cc1)Cl,5.522878745
FC(c1cccc(c1)Nc1ccnc2c1cccc2)(F)F,5.494850022
Clc1ccc(cc1)C(c1ccc2c(c1)c(ncn2)NC1CCN(CC1)c1cccc(c1)C(=O)O)c1ccc(cc1)Cl,5.499763525
FC(c1cccc(c1)Nc1ncc2c(n1)cccc2)(F)F,5.494850022
COC(=O)CS(=O)(=O)N1CCC(CC1)Nc1ncnc2c1cc(cc2)C(c1ccc(cc1)Cl)c1ccc(cc1)Cl,5.492548939
OC(=O)Cc1ccc(cc1)N1CCC(CC1)Nc1ncnc2c1cc(cc2)C(c1ccc(cc1)Cl)c1ccc(cc1)Cl,5.483068191
OC(=O)COc1nc(NCc2cccc(c2)C(F)(F)F)c2c(n1)ccc(c2)C(c1ccc(cc1)Cl)c1ccc(cc1)Cl,5.476253533
COc1ccc(cc1)CNc1cnnc2c1cc(cc2)C(c1ccc(cc1)Cl)c1ccc(cc1)Cl,5.446238302
Clc1ccc(cc1)C(c1ccc2c(c1)c(ncn2)NC1CCN(CC1)Cc1cccc(c1)C(=O)N)c1ccc(cc1)Cl,5.438660059
OCCNC(=O)c1cccc(c1)N1CCC(CC1)Nc1ncnc2c1cc(cc2)C(c1ccc(cc1)Cl)c1ccc(cc1)Cl,5.456056058
Clc1ccc(cc1)C(c1ccc2c(c1)c(ncn2)NC1CCN(CC1)Cc1ccc(cc1)C(=O)N)c1ccc(cc1)Cl,5.447818661
OC(=O)COc1ccc(cc1)S(=O)(=O)N1CCC(CC1)Nc1ncnc2c1cc(cc2)C(c1ccc(cc1)Cl)c1ccc(cc1)Cl,5.464452721
Clc1ccc(cc1)C(c1ccc2c(c1)c(cnn2)NC1CCN(CC1)Cc1ccc(s1)C(=O)O)c1ccc(cc1)Cl,5.432855955
OCCCCOc1nc(NCc2cccc(c2)C(F)(F)F)c2c(n1)ccc(c2)C(c1ccc(cc1)Cl)c1ccc(cc1)Cl,5.431798276
Clc1ccc(cc1)C(c1ccc2c(c1)c(ncn2)NC1CCN(CC1)S(=O)(=O)c1cccc(c1)C(=O)O)c1ccc(cc1)Cl,5.410832609
Clc1ccc(cc1)C(c1ccc2c(c1)c(ncn2)NC1CCN(CC1)S(=O)(=O)c1ccc(cc1)C(=N)N)c1ccc(cc1)Cl,5.407046428
c1ccc(cc1)Sc1ccc2c(n1)cccc2,5.397940009
Clc1cccc(c1Cl)c1ccc(nc1)n1c(O)ccc1O,5.400000186
FC(c1cccc(c1)Nc1cnc2c(n1)cccc2)(F)F,5.397940009
Clc1ccc(cc1)C(c1ccc2c(c1)c(NCCc1cccc(c1)C(=O)O)cnn2)c1ccc(cc1)Cl,5.400116928
COc1ccc(cc1C(=O)O)S(=O)(=O)N1CCC(CC1)c1c2cc(ccc2nn1C1CC1)C(c1ccc(cc1)Cl)c1ccc(cc1)Cl,5.394694954
NCCCCOc1nc(NCc2cccc(c2)C(F)(F)F)c2c(n1)ccc(c2)C(c1ccc(cc1)Cl)c1ccc(cc1)Cl,5.384786665
COC(=O)c1ccc(cc1)C(=O)N1CCC(CC1)Nc1ncnc2c1cc(cc2)C(c1ccc(cc1)Cl)c1ccc(cc1)Cl,5.353792388
Clc1ccc(cc1)C(c1ccc2c(c1)c(C1CCN(CC1)S(=O)(=O)c1ccc(nc1)C(=O)O)n(n2)C1CC1)c1ccc(cc1)Cl,5.356547324
COCCOCCOCCOCCOCCOCCOCCOCCOCCOCCNC(=O)OCc1ccc(cc1)OCCOCCOCCOCCOc1cc(NC2CCN(CC2)S(=O)(=O)C(F)(F)F)c2c(n1)ccc(c2)C(c1ccc(cc1)Cl)c1ccc(cc1)Cl,5.391473966
NCCOCCOCCOCCOCCOCCOCCOCCOCCOCCOCCOCCOc1cc(NC2CCN(CC2)S(=O)(=O)C(F)(F)F)c2c(n1)ccc(c2)C(c1ccc(cc1)Cl)c1ccc(cc1)Cl,5.366531544
OCCOc1nc(NCc2cccc(c2)C(F)(F)F)c2c(n1)ccc(c2)C(c1ccc(cc1)Cl)c1ccc(cc1)Cl,5.352128235
Fc1ccc(cc1)C(c1ccc2c(c1)c(cnn2)NC1CCN(CC1)S(=O)(=O)C(F)(F)F)c1ccc(cc1)F,5.328086988
Clc1ccc(cc1)C(c1ccc2c(c1)c(ncn2)N[C@H](c1cccc(c1)C(F)(F)F)C)c1ccc(cc1)Cl,5.327625021
COc1ccccc1Nc1ccc2c(n1)cccc2,5.301029996
Clc1ccc(cc1)C(c1ccc2c(c1)c(ncn2)NCc1cccc(c1)C(=O)N)c1ccc(cc1)Cl,5.305570309
Clc1ccc(cc1)C(c1ccc2c(c1)c(ncn2)NC1CCN(CC1)Cc1ccccc1C(=O)O)c1ccc(cc1)Cl,5.326610422
O=C(c1ccc2c(n1)cccc2)c1cccc(c1)C(F)(F)F,5.300000202
CCS(=O)(=O)N1CCC(CC1)Nc1ncnc2c1cc(cc2)C(c1ccc(cc1)Cl)c1ccc(cc1)Cl,5.300422409
O=C(c1nccc2c1cccc2)c1cccc(c1)C(F)(F)F,5.300000202
Clc1ccc(cc1)C(c1ccc2c(c1)c(C1CCN(CC1)S(=O)(=O)c1ccc(c(c1)C(=O)O)F)n(n2)C1CC1)c1ccc(cc1)Cl,5.283996656
COCCOCCOCCOCCn1c2ccc(cc2cc(c1=O)N1CCN(CC1)c1ccccc1)C(c1ccc(cc1)Cl)c1ccc(cc1)Cl,5.258848401
Clc1ccc(cc1)C(c1ccc2c(c1)c(cnn2)NC1CCN(CC1)S(=O)(=O)c1cccc(c1)C(=O)O)c1ccc(cc1)Cl,5.279675283
NNC(=O)CCOCCOCCOCCOCCOCCOCCOCCOCCOCCOCCOCCNC(=O)OCCOCCOCCOc1cc(NC2CCN(CC2)S(=O)(=O)C(F)(F)F)c2c(n1)ccc(c2)C(c1ccc(cc1)Cl)c1ccc(cc1)Cl,5.26760624
C1CCC(CC1)Nc1ccc2c(n1)cccc2,5.200659451
Clc1ccccc1Nc1ccc2c(n1)cccc2,5.200659451
Oc1ccc(cc1)CNc1cnnc2c1cc(cc2)C(c1ccc(cc1)Cl)c1ccc(cc1)Cl,5.22701855
Clc1ccc(cc1)C(c1ccc2c(c1)c(cnn2)NC1CCN(CC1)S(=O)(=O)c1ccc(o1)C(=O)O)c1ccc(cc1)Cl,5.251811973
CC(=O)Nc1nc(NC2CCN(CC2)S(=O)(=O)C(F)(F)F)c2c(n1)ccc(c2)C(c1ccc(cc1)Cl)c1ccc(cc1)Cl,5.244125144
Clc1ccc(cc1)C(c1ccc2c(c1)c(ncn2)NC1(CC1)c1ccc(cc1)C(F)(F)F)c1ccc(cc1)Cl,5.226432951
FC(c1ccccc1Nc1ccc2c(n1)cccc2)(F)F,5.200659451
Clc1ccc(cc1)C(c1ccc2c(c1)c(ncn2)NC1CCN(CC1)Cc1scc(c1)C(=O)O)c1ccc(cc1)Cl,5.203425667
Clc1ccc(cc1)C(c1ccc2c(c1)c(NC1CCN(CC1)S(=O)(=O)C(F)(F)F)nc(n2)Cl)c1ccc(cc1)Cl,5.187086643
Clc1ccc(cc1)C(c1ccc2c(c1)c(nn2C1CC1)C1CCN(CC1)S(=O)(=O)c1ccc(cc1)C(=O)N)c1ccc(cc1)Cl,5.187086643
Clc1ccc(cc1)C(c1ccc2c(c1)c(ncn2)NC1CCN(CC1)Cc1cccc(c1)C(=O)O)c1ccc(cc1)Cl,5.169796401
Clc1ccc(cc1)C(c1ccc2c(c1)c(C1CCN(CC1)c1cccc(c1)C(=O)O)n(n2)C1CC1)c1ccc(cc1)Cl,5.155522824
OC(=O)COc1ccc(cc1)N1CCC(CC1)c1c2cc(ccc2nn1C1CC1)C(c1ccc(cc1)Cl)c1ccc(cc1)Cl,5.148741651
Clc1ccc(cc1)C(c1ccc2c(c1)c(C1CCN(CC1)S(=O)(=O)c1ccc(c(c1)C(=O)O)Cl)n(n2)C1CC1)c1ccc(cc1)Cl,5.152427341
Clc1ccc(cc1)C(c1ccc2c(c1)c(ncn2)NC1CCN(C1)Cc1cccc(c1)C(=O)O)c1ccc(cc1)Cl,5.117190959
NC(=O)CS(=O)(=O)N1CCC(CC1)Nc1ncnc2c1cc(cc2)C(c1ccc(cc1)Cl)c1ccc(cc1)Cl,5.102372909
O=C(c1ccc2c(n1)cccc2)c1ccccc1,5.100000128
COC(=O)c1cccc(c1)CNc1ncnc2c1cc(cc2)C(c1ccc(cc1)Cl)c1ccc(cc1)Cl,5.092696151
Clc1ccc(cc1)C(c1ccc2c(c1)c(C1CCN(CC1)S(=O)(=O)c1cccc(c1)C(=O)O)n(n2)C1CC1)c1ccc(cc1)Cl,5.097453221
Clc1ccc(cc1)C(c1ccc2c(c1)c(cnn2)NC1CCN(CC1)c1ccc(cc1)C(=O)O)c1ccc(cc1)Cl,5.091514981
Clc1ccc(cc1)C(c1ccc2c(c1)c(ncn2)N[C@@H](c1cccc(c1)C(F)(F)F)C)c1ccc(cc1)Cl,5.086186148
Clc1ccc(cc1)C(c1ccc2c(c1)c(ncn2)NC1CCC(CC1)(O)c1ccccc1)c1ccc(cc1)Cl,5.070990015
NC(=O)CCC(=O)N1CCC(CC1)Nc1ncnc2c1cc(cc2)C(c1ccc(cc1)Cl)c1ccc(cc1)Cl,5.045805748
Clc1ccc(cc1)C(c1ccc2c(c1)c(ncn2)NCc1ccc(cc1)C(=O)N)c1ccc(cc1)Cl,5.041006335
OCCS(=O)(=O)N1CCC(CC1)Nc1ncnc2c1cc(cc2)C(c1ccc(cc1)Cl)c1ccc(cc1)Cl,5.02691835
Clc1ccc(cc1)C(c1ccc2c(c1)c(ncn2)NC1CCN(C1)Cc1ccc(cc1)C(=O)O)c1ccc(cc1)Cl,5.060480747
Clc1ccc(cc1)C(c1ccc2c(c1)c(C1CCN(CC1)c1ccc(cc1)C(=O)O)n(n2)C1CC1)c1ccc(cc1)Cl,5.031517051
Clc1ccc(cc1)C(c1ccc2c(c1)c(nn2C1CC1)C1CCN(CC1)Cc1cccc(c1)C(=O)O)c1ccc(cc1)Cl,5.013228266
Clc1ccc(cc1)C(c1ccc2c(c1)c(cnn2)NC1CCN(CC1)Cc1ccccc1C(=O)O)c1ccc(cc1)Cl,5.004408676
Clc1ccc(cc1)C(c1ccc2c(c1)c(C1CCN(CC1)C(=O)c1ccc(cc1)C(=O)N)n(n2)C1CC1)c1ccc(cc1)Cl,5.004364805
Clc1ccc(cc1)C(c1ccc2c(c1)c(ncn2)NC(c1cccc(c1)C(F)(F)F)C)c1ccc(cc1)Cl,4.983008422
